:020000040800F2
:1000000000800020F94900081D4900082149000826
:1000100025490008294900082D4900080000000072
:10002000000000000000000000000000314900084E
:100030003549000800000000394900083D49000822
:10004000494A0008494A0008494A0008494A000844
:10005000494A0008494A0008494A0008494A000834
:10006000494A0008494A0008494A0008494A000824
:10007000494A0008494A0008494A0008494A000814
:10008000494A00080000000041490008494A0008A8
:10009000494A0008494A0008494A0008494A0008F4
:1000A000494A0008494A0008494A0008494A0008E4
:1000B000494A0008494A0008494A0008494A0008D4
:1000C000494A0008494A0008494A0008494A0008C4
:1000D000494A0008494A0008494A0008494A0008B4
:1000E000494A0008494A0008494A0008494A0008A4
:1000F000494A0008494A0008494A0008000000002F
:1001000000000000494A000800000000494A0008B9
:10011000494A000800000000494A0008494A00080E
:10012000494A0008494A0008494A0008494A000863
:10013000494A00080000000000000000494A000889
:10014000494A0008494A0008000000000000000079
:10015000000000000000000000000000000000009F
:10016000000000000000000000000000494A0008F4
:10017000494A0008000000000000000000000000E4
:1001800000000000494A00080000000000000000D4
:10019000000000000000000000000000000000005F
:1001A0000000000000000000494A0008494A000819
:1001B000494A0008494A0008494A0008000000006E
:1001C00000000000494A0008000000000000000094
:0801D000494A0008494A0008F1
:1001E00010B5054C237833B9044B13B10448AFF371
:1001F00000800123237010BDAC000020000000002F
:10020000B0AF000808B5034B1BB103490348AFF377
:10021000008008BD00000000B0000020B0AF000862
:1002200001F0FF01102A2BDB10F0070F08D010F8A7
:10023000013B013A8B422DD010F0070F42B3F6D1AB
:10024000F0B441EA012141EA014122F007047FF0C4
:1002500000070023F0E80256083C85EA010586EA1B
:10026000010685FA47F5A3FA87F586FA47F6A5FA57
:1002700087F68EB9EED1F0BC01F0FF0102F0070263
:1002800032B110F8013B013A83EA010313B1F8D10E
:100290000020704701387047002D06BF35460338EF
:1002A000073815F0010F07D1013015F4807F02BF28
:1002B000013015F4C03F0130F0BC0138704700BF79
:1002C00053B94AB9002908BF00281CBF4FF0FF31BD
:1002D0004FF0FF3000F088B9ADF1080C6DE904CEA5
:1002E00000F006F8DDF804E0DDE9022304B0704711
:1002F0002DE9F047089D0F4604468C46002B48D157
:100300008A42164661D9B2FA82F34BB1C3F1200298
:1003100001FA03FC20FA02F29E4042EA0C0C9C40D7
:100320004FEA164EB7B2BCFBFEF1220C0EFB11CC0D
:1003300042EA0C4201FB07F0904209D9B21801F1E0
:10034000FF3C80F0EE80904240F2EB800239324474
:10035000121AA4B2B2FBFEF00EFB102244EA0244D1
:1003600000FB07F7A74209D9341900F1FF3280F0EA
:10037000DA80A74240F2D7803444023840EA014094
:10038000E41B00211DB1DC400023C5E90043BDE8AA
:10039000F0878B4206D90DB1C5E90001002108465E
:1003A000BDE8F087B3FA83F1002948D1BB4202D3FC
:1003B000824200F20781841A67EB0302012094460F
:1003C000002DE4D0C5E9004CE1E7002A00F092805E
:1003D000B2FA82F3002B40F0A8808A1A4FEA164E38
:1003E0001FFA86FC0121200CB2FBFEF70EFB172240
:1003F00040EA02420CFB07F0904207D9B21807F11D
:10040000FF3802D2904200F2E2804746121AA4B2AC
:10041000B2FBFEF00EFB102244EA02440CFB00FC8F
:10042000A44507D9341900F1FF3202D2A44500F2E5
:10043000CB801046A4EB0C0440EA0740A2E7C1F1D0
:1004400020068B4022FA06FC4CEA030C07FA01F462
:1004500020FA06F3F7404FEA1C49234300FA01F85B
:100460001FFA8CFEB7FBF9F01C0C09FB107744EA6D
:10047000074400FB0EF7A74202FA01F20AD91CEB6F
:10048000040400F1FF3A80F09B80A74240F298807C
:1004900002386444E41B9FB2B4FBF9F309FB134434
:1004A00047EA044403FB0EFEA64509D91CEB0404ED
:1004B00003F1FF3780F08280A6457FD9023B644478
:1004C00043EA0040A4EB0E04A0FB02E7BC427346E3
:1004D000B94663D360D05DB1B8EB030264EB0904A5
:1004E00004FA06F622FA01F31E43CC40C5E9006483
:1004F00000214CE76208480842EAC1710B0C43EA4C
:1005000000438AB242EA0342B3FBF6F1E407B44681
:100510003746B6461F23B0FBF6F0D21B41EA004136
:1005200061E7614614E7104628E7C3F1200120FA8D
:1005300001F29E4027FA01F19F403A434FEA164EDE
:100540001FFA86FCB1FBFEF70EFB1710110C41EAF7
:10055000004107FB0CF8884504FA03F43AD97118F6
:1005600007F1FF3001D288451FD8A1EB0801B1FB8C
:10057000FEF808FB0CF70EFB181192B242EA01429A
:10058000BA422FD2B21808F1FF31C6D2BA42C4D251
:10059000A8F102013244C0E7F0459CD2BEEB020351
:1005A00067EB0C070138B94695E7A6EB080841440C
:1005B000B81EB1FBFEF808FB0CF7DCE73B467FE713
:1005C000504667E70846FBE63444023832E7023F0C
:1005D00032441BE7A1EB08013846B1FBFEF808FBEB
:1005E0000CF7C8E7414698E7704700BF1B4B1B88D4
:1005F000C01AB0F5005F2ADBA0F58040184BDFED94
:10060000197A93F900309FED187A00FB03F3C3EBDE
:10061000C3035B0000EE103AB8EEC00A20EE270AD2
:1006200020EE070AB4EEE70AF1EE10FA09DB30EE2D
:10063000670AB4EEE70AF1EE10FAF8DA704730EE26
:10064000270AB5EEC00AF1EE10FAF8D4704710F59B
:10065000005FB8BF00F58040D0E700BFF068002021
:1006600011000020DB0FC9400000803810B4EFF308
:10067000108172B6094C0A4A0A4B84ED000AC2ED99
:10068000000A1860BFF35F8F074A136801331360D5
:1006900001B962B65DF8044B704700BF08690020DD
:1006A0000469002000690020FC68002038B5114969
:1006B000114D1248124C002200232A700B60114980
:1006C0000360114822800A80436C23F40043436492
:1006D000036A23F4AA6323F00503036202214FF0A7
:1006E000904006F019FB094A137823F004031370B5
:1006F00038BD00BF20690020296900201C69002046
:100700006468002066680020002C01409868002082
:100710002DE9F04700222021454D81464FF09040C1
:1007200006F0FAFA002210214FF0904006F0F4FA99
:10073000404A2B684049A2FB0332920C486802EB06
:1007400082024B681B1A9A42FBD8DFF8ECA0394FA3
:1007500010264FF40048002409EA0802003A18BFA6
:10076000012240214FF0904006F0D6FA2A68DAF8CC
:100770000410A7FB0232920C02EB8202DAF804307A
:100780005B1A9A42FAD8012220214FF0904006F0DD
:10079000C3FA2A68DAF80410A7FB0232920C02EBC3
:1007A0008202DAF804305B1A9A42FAD880214FF0BC
:1007B000904006F0ABFA640001284FF000024FF0C1
:1007C0002001A4B24FF0904008BF44F0010406F0AD
:1007D000A3FA2A68DAF80410A7FB0232920C02EBA3
:1007E0008202DAF804305B1A9A42FAD8013E4FEAE4
:1007F0005808B1D1012210214FF0904006F08CFA38
:10080000324640214FF0904006F086FA094B2A68A4
:100810000948DAF80410A3FB0232920C02EB8202C0
:1008200043685B1A9A42FBD82046BDE8F08700BFB8
:100830002400002083DE1B43001000E0F8B50F46C3
:10084000E1B1C00200F4F04444F400442046FFF754
:100850005FFF0B4B0B4D1A680B4B6E68A3FB02320C
:10086000920C6B689B1B9A42FBD8084B084A1C8071
:10087000C0F30A0310803B800120F8BD0846F8BD94
:1008800024000020001000E083DE1B432C690020C0
:100890002A690020DFED577A574B60EEA70ABEEEBB
:1008A000006AB0EE607AA0EE067A1B68D0EE060A07
:1008B00010B5B4EEC07AF1EE10FAB4EEC70AD4BFA8
:1008C000F0EE407AF0EE477AF1EE10FAD4BFF0EE97
:1008D000406AF0EE476AF4EEE06AF1EE10FAF4EEE8
:1008E000E70AC8BFF0EE606AF1EE10FAC8BFF0EE9A
:1008F000607A76EEA76AF6EE005A30EE250A66EECA
:10090000866AD3ED0B7A30EE260AB5EEC00AF1EE18
:1009100010FA6CD4F7EE005AB4EEE50AF1EE10FAD4
:10092000D8BFF0EE405AB6EE006A37EE067A37EEE0
:10093000267AB5EEC07AF1EE10FA55D4B7EE006A19
:10094000B4EEC67AF1EE10FAC8BFB0EE467AB6EE53
:10095000006A70EE860A70EEA60AF5EEC00AF1EEA5
:1009600010FA3ED4B7EE006AF4EEC60AF1EE10FAC1
:10097000D8BFB0EE606AF8EE677ADB6A1F4867EEB0
:10098000A56A27EE877AFCEEE66A67EE867ABCEE09
:10099000C77A16EE901AFCEEE77A17EE102A994203
:1009A00017EE904A28BF19469A4228BF1A469C4221
:1009B000416328BF1C4612498263C4630B7803B1AC
:1009C00010BD104C04F084F82268821AB2F5FA7F48
:1009D0000346F5D323600C48BDE81040022106F021
:1009E000A1B99FED0A6AC6E79FED087AAFE7DFED90
:1009F000075A98E7D7B35D3FE46C0020002C014014
:100A000029690020C8000020000400480000000000
:100A100030B583B000230DF106010620ADF8063095
:100A2000FFF70CFF044648B3BDF80610C1F381136D
:100A3000032B1DD01E4ADFED1F7A32F81300DFEDC5
:100A40001E6A07EE100AB8EE477A142827EE277AB6
:100A5000C6EE877A0FD1194B0246194D28801948E6
:100A6000C0ED007A184808F0EDFC204603B030BD18
:100A7000DFED167A2820164B0246EEE7154808F0FF
:100A800049FD1548436C23F400434364036A23F48F
:100A9000AA6323F005032246036202214FF090402F
:100AA00006F03AF901220D48114606F035F9DCE767
:100AB00068BF00083E0A83403333534074B10008D6
:100AC000200000201C0000201CB000084F0AA53C9C
:100AD000C8AF0008F8AF0008002C0140000400482F
:100AE00070B5224D224E84B0034600224FF0904054
:100AF0000C464FF40041ADF80E3006F00DF92868B1
:100B00001C4B7268A3FB0030800C73689B1A9842E0
:100B1000FBD80A23224600930DF10E01012316484B
:100B200007F024F9134B2A687168114EA3FB0232B7
:100B30000446920C73685B1A9A42FBD801224FF468
:100B400000414FF0904006F0E7F80A4B2A68084849
:100B50007168A3FB0232920C43685B1A9A42FBD87D
:100B6000B4FA84F0400904B070BD00BF2400002036
:100B7000001000E083DE1B43306D002030B583B0F1
:100B8000002340F480400D46ADF80630044604F0E2
:100B90000102640883EA0203F9D140EAC3300DF18F
:100BA000060180B2FFF79CFF18B129462046FFF7E7
:100BB00097FF03B030BD00BF08B52DED048BB0EE3C
:100BC000608AB0EE409A09F06BFBF0EE408AB0EE1E
:100BD000490A09F02DFB9FED117A9FED116AA8EEED
:100BE000087AF0EE407AF1EEC76AF4EEC66AF1EEEA
:100BF00010FAC4BF86EE267A28EE078A9FED077AA0
:100C000067EE880A28EE680AE8EE870ABDEC048BD6
:100C1000A7EE870ABDE80840FFF73CBE00000000D1
:100C20003ACD133FDFED187A30EE670ADFED177A21
:100C3000B4EEE70AF1EE10FA18DB30EE670AB4EE14
:100C4000E70AF1EE10FAF8DAF5EEC00AF1EE10FA62
:100C500016D4DFED0F7AF4EEE70AF1EE10FAC8BF12
:100C6000F0EE670AFFF7A8BF30EE270AB5EEC00A1C
:100C7000F1EE10FAF8D4F5EEC00AF1EE10FAE8D56C
:100C8000DFED040AEEE700BFDB0FC93FDB0FC94011
:100C90003ACD133F0000000030B583B00022ADF81C
:100CA0000420B8B10546ADF806200F2447F6FF73BF
:100CB00003F00101013C82EA01024FEA5303F7D13C
:100CC00047F6FF7040EAC2300DF1060180B2FFF72F
:100CD00007FF10B9002003B030BD01A92046FFF77F
:100CE000FFFE0028F6D0BDF8041051B10B4603F00A
:100CF00001025B0884EA0204F9D1012CEAD04B041A
:100D0000E8D4C1F30D01298003B030BD30B5002413
:100D100061F30704090A61F30F2462F317448DB0ED
:100D200063F31F64CDE901042422002103A808F025
:100D3000CFFC114805F096FC38B9104A1378FF2B08
:100D400001D0013313700DB030BD002340F2811586
:100D5000082409480B9301AA03A9CDE90353CDE95F
:100D60000534CDE90733CDE9093305F075FB0028DB
:100D7000E3D10DB030BD00BF4C6E0020956800205F
:100D800030B5254B254C1B78247825482549264A23
:100D90000078097812788DB04FF0050C8DF801407D
:100DA0008DF80230214C224B8DF800C01B7894F84E
:100DB00000C08DF803008DF804108DF80520002187
:100DC000242202A88DF806C08DF8073008F080FCB8
:100DD000184805F047FC30B92378FF2B01D00133C8
:100DE00023700DB030BD81220023CDE90223002203
:100DF0000823CDE9042300220023CDE90623CDE911
:100E0000082300250B480A9502A96A4605F024FB31
:100E10000028E1D10DB030BD996800209A6800200B
:100E20009868002097680020966800209568002048
:100E3000946800204C6E002010B588B00023062175
:100E40007F22CDE90001CDE90533694607930224ED
:100E500004230C480493CDE9024204F0EFF809485A
:100E600004F024FC4FF0FF31064803F043FF05482F
:100E700003F0B8FF0446034804F0BCFCA0B208B07D
:100E800010BD00BFB06E002038B50446EFF31085EA
:100E900072B60449442208F096FC85F31088204677
:100EA00038BD00BF306900202DE9F04F04682DEDFA
:100EB000068BB4F1A04F99B004D019B0BDEC068BED
:100EC000BDE8F08FB34BB4495B680593B34B1B7817
:100ED0004422DBB207A8009308F075FCB04BB14880
:100EE000D4F88010D3F8008090ED007AAE48D4F8A2
:100EF0008420B3F80490D4F8883004789DED0D4A2E
:100F0000DDED0E4A9DED0F5ADDED146A88B21FFA31
:100F100088F50146401B08EE900A90B2A0EB1840FD
:100F200009EE100AF8EEE88AB8EEC99A1598019011
:100F300068EE878A29EE079A92B21FFA83FA002C8C
:100F400036D09A48D0ED007A79EE677A984D9BB208
:100F5000A3EB090306EE103A2B6C686BAC6BED6BE0
:100F600096349C4200F1960005F1960E8CBF002449
:100F7000012498428CBF00270127B8EEC68A9E45FF
:100F80008CBF0025012507EB040C984228EE078A48
:100F9000AC4410D89E4500F2DE8078EE889A012598
:100FA00038EEE97AB0EE48AAF1EE699A2F4613E0DE
:100FB000F0EE497ACAE7BCF1020F00F0DB80BCF129
:100FC000010F38EEA77AB0EE48AAF0EE679A40F229
:100FD000CD8001252C462F46A1F1090EA2F1090072
:100FE0001FFA8EF680B2AAF1090E049002961FFA3B
:100FF0008EF60396049E40F6ED708642029E94BFE4
:101000004FF0000B4FF0010B8642039E4FF0000E95
:101010006BF3070E4FF0000394BF4FF0000B4FF03F
:10102000010B864294BF0020012067F3070364F39D
:101030000F2360F30F2E009865F317433AEE077AFB
:101040006BF31F63002844D10198002800F0DB8176
:10105000BCF1010F0DD99FED576A38EEC43A79EE15
:10106000E43A7AEE455AA3EE064AE3EE864AA5EE46
:10107000865AF5EEC08AF1EE10FAF5EEC09A4CBF32
:10108000B1EE686AB0EE686AF1EE10FA4CBFF1EEAC
:10109000695AF0EE695AF4EEC65AF1EE10FAB5EE5E
:1010A000C0AAD8BFF0EE465AF1EE10FA4CBFB1EE2E
:1010B0004A6AB0EE4A6AB4EEE56AF1EE10FAD8BFB9
:1010C000B0EE656AB4EEE66AF1EE10FAC8BFF0EE73
:1010D000466A1693019BADF844100133ADF84620E3
:1010E0002D48159307A94422ADF848A0CDF84A80B1
:1010F000ADF84E90ADF85CE0CDED078ACDED089AE5
:101100008DED09AA8DED0A9ACDED0B7A8DED0C8A45
:101110008DED0D4ACDED0E4A8DED0F5A8DED107A05
:10112000CDED146A08F04FFB1C4B1B78002B45D10A
:10113000009B002B3FF4C1AE164B1F4A5B6805981D
:1011400011681B1A9942BFF4B8AE136019B0BDEC18
:10115000068BBDE8F08FBCF1020F7FF430AF38EEA4
:10116000A77AF0EE679AB1EE47AA35E700252C463C
:101170002F4631E778EE278A9E4537EEE87AF1EE82
:10118000688AECD8B0EE48AAF0EE679A01240027EE
:1011900022E700BF001000E030690020296900202C
:1011A000140000201C000020E8680020EC680020EB
:1011B000002C01400000803D9C680020AC4B1B6867
:1011C000A3B3AC4AAC495268AC4B09681B68521ACD
:1011D000AB49A1FB03139B0C4FF4966101FB03F396
:1011E0009A4200F2318107EE902AA64B9FEDA67A33
:1011F000F8EEE76AD3ED007AA44B93ED006AA44BB6
:1012000066EEA76AD3ED007AE6EE867AF4EEC77A48
:10121000F1EE10FAC0F2128177EEC77AF4EEC77AD7
:10122000F1EE10FAF8DA9B4BC3ED007A3B192B4430
:10123000012B40F2EF802FB1029A40F6ED739A42F3
:1012400000F2E8802CB1049A40F6ED739A4200F265
:10125000E1802DB1039A40F6ED739A4200F2DA80F4
:101260008C489FED897AD0ED007AF4EEC77AF1EEE2
:1012700010FAC0F2F48077EEC77ADFED876A874A0A
:10128000874992F900209FED876A67EEA67AB0EE53
:10129000007AF0EE686AE9EE876ABCEEE77AF8EE6B
:1012A000475A17EE103A07EE102AB8EEC77AC3F382
:1012B000090367EE266A01EB830797ED005A66EE95
:1012C000866A97ED016A03F5807277EEE57A36EE6D
:1012D000456AC2F3090201EB8207A7EE865A724BF8
:1012E000D7ED005A97ED016A36EE656A66EE854ADB
:1012F000E7EE865A28EE877AB0EE646AA7EE256A92
:10130000D3ED004AB5EEC06AF1EE10FA4CBFF1EE33
:10131000467AF0EE467AF4EEE74AF1EE10FA00F182
:10132000988027EE457AA6EEA57AD3ED006AB5EE51
:10133000C07AF1EE10FA4CBFF1EE477AF0EE477A40
:10134000F4EEE76AF1EE10FA00F18380F5EEC08A60
:10135000F1EE10FAF5EEC09A4CBFF1EE686AF0EECD
:10136000686AF1EE10FA4CBFF1EE697AF0EE697A34
:10137000F4EEE67AF1EE10FAB5EEC0AAD8BFF0EEC0
:10138000667AF1EE10FA4CBFB1EE4A4AB0EE4A4A24
:10139000B4EEE74AF1EE10FAD8BFB0EE674A002C7F
:1013A00000F02281B5EEC09AF1EE10FA48BFB1EE1E
:1013B000499AB4EEC49AF1EE10FAD8BFB0EE449A4E
:1013C0006DB1B5EEC08AF1EE10FA48BFB1EE488AB1
:1013D000B4EEC98AF1EE10FAC8BFB0EE489A334BAA
:1013E000D3ED007AF4EEC97AF1EE10FA68D5304AFE
:1013F0001378FF2B01D0013313702E4B02682E4A55
:10140000022119700AE0B0EE4A5AF0EE694AB0EED5
:10141000684A2EE6274B01221A70274A27490023E3
:101420000B70536C23F400435364136A23F4AA63D0
:1014300023F0050313627BE677EE877AF5EEC07A38
:10144000F1EE10FAF8D4EEE61A4B08221A701A4A96
:10145000E4E7184B0268184A09211970DEE7F5EE37
:10146000C07AF1EE10FA48BF77EE877A05E700BF41
:10147000FC680020001000E000690020240000202B
:1014800083DE1B4304000020DB0FC94004690020F9
:10149000086900202469002083F9224310000020FD
:1014A000545800203ACD133F080000200C000020C3
:1014B0009B68002028690020002C01402969002039
:1014C000684B694AD3ED003ADFED686AD2ED007AE5
:1014D000674B73EEC63A93ED003A664BE3EEA67A9D
:1014E00000211970DFED646AF4EEE67AF1EE10FA8D
:1014F00033EE473A08D4DFED616AF4EEE67AF1EEB6
:1015000010FAD8BFF0EE676A5D4BDFED582AD3EDD5
:10151000004ADFED597AC2ED006AE3EE224AF4EEAA
:10152000E74AF1EE10FA08D4DFED547AF4EEE74A18
:10153000F1EE10FAD8BFF0EE647ADFED522A9FED9B
:10154000522AC3ED007AF0EE670AE3EE220AF0EECB
:10155000664AE3EEA24A60EEA03AE4EEA43AF4EE64
:10156000C23AF1EE10FA42DC484A494B82ED006A79
:101570004849494A83ED007A484BC1ED004AC2ED23
:10158000000AD3ED006A464A76EE266A69EEA97A29
:10159000C3ED006AE8EEA87A424BD2ED006A37EE5E
:1015A000267AEAEE0A7A82ED007A93ED007A3E4AD4
:1015B00077EE877A25EE600AC3ED007AD2ED007AE5
:1015C000B4EEE74AF1EE10FAC8BF82ED004A374A9E
:1015D00060EEA50A1368E4EE850A01331360A4EEF9
:1015E000A50AFFF757F9A3E5B0EE449AE8E6F1EE55
:1015F000E32A9FED223AC3EE223A64EEA32A60EE7C
:10160000A33A72EEE44A74EEA66ADFED1B4AF4EEEA
:10161000E46AF1EE10FA08D4F4EEC36AF1EE10FABF
:10162000D4BFF0EE664AF0EE434A73EEE00ADFED17
:10163000126AC2ED004A70EEA77AF4EEE67AF1EE95
:1016400010FA08D4DFED0D6AF4EEE67AF1EE10FA46
:10165000D8BFF0EE676AF0EE630AF0EE624AC3EDBF
:10166000006A81E720690020F868002017B7513828
:101670001C6900209B680020D7A3F0BED7A3F03ED2
:10168000F4680020A69B443B9C33623E186900200E
:1016900014690020106900200C690020B068002047
:1016A000AC680020A8680020A4680020A068002082
:1016B00010B586B00023CDE90133CDE9033305939E
:1016C000009306F05FF86946044601A806F06CF83E
:1016D000059B03B164000D4AD2E90131D26821F0C3
:1016E0004000202803F1010302F101020BD0402940
:1016F0000CBF0221012102FB03F301FB03F3B4FB46
:10170000F3F006B010BD0221F5E700BFE46C002045
:101710002E4A2F4938B5536C23F400435364136A9F
:1017200023F4AA6323F0050313620B681A6A02F01C
:10173000113222F0885222B9186A44F2444210420F
:101740003ED0224C40F6EF2240F69F20DA62206421
:10175000D86ACA6040F27752824228BF024662636A
:10176000A263E26322681B4822F0700242F020026A
:101770002260626C007822F0FF0202430125002003
:101780006264586265611A6820202A4388601248A2
:101790001A6004F0A3F870B96561236A43F4AA6380
:1017A00043F005032362636C43F4004363642368DE
:1017B0002B43236038BD094807F0ACFE72B6FEE744
:1017C0001A6822F001021A60BBE700BF002C01403A
:1017D000E46C002012000020B06E00204CB0000825
:1017E00010B586B005F07AFE0146194807F02AFECA
:1017F00005F0B0FF0146174807F024FE05F0B0FFE2
:101800000146154807F01EFE05F0BCFF01461348CF
:1018100007F018FE0023CDE90033CDE90233CDE90E
:10182000043305F0AFFF6946044601A805F0BCFF8C
:10183000059B03B164002146094807F003FEFFF74A
:1018400037FF0146074806B0BDE8104007F0FABD73
:1018500090B00008A4B00008B8B00008CCB00008F0
:10186000E0B00008F4B0000810B588B00A46069051
:1018700001210120CDE9040100231748079202A9A4
:10188000CDE9023304F082FD08B172B6FEE701240F
:1018900040F2012280231048039402A9CDE90623D7
:1018A00004F074FD08B172B6FEE702220A48009403
:1018B0002346114604F096FD08B172B6FEE70648CD
:1018C00004F0B2FD08B172B6FEE7044A137843F0A3
:1018D0000103137008B010BD4C6E00209868002002
:1018E00070B58AB0044615460E462422002101A890
:1018F00007F0EEFEB4F5006F01D2082D02D90020EA
:101900000AB070BD0C4804F0ADFE0028F7D00023EB
:10191000324601A908480993CDE90143CDE90335D1
:10192000CDE90533CDE9073304F096FDB0FA80F038
:1019300040090AB070BD00BF4C6E002070B58AB07F
:101940001546064628220C466846002107F0C0FED0
:101950000E48402104F07CFE10B900200AB070BD92
:101960000A4823466A46402104F0D8FD0028F4D1F5
:10197000DDE901321343F0D1039B009A3260082B5A
:1019800028BF082301202B700AB070BD4C6E0020C8
:101990002DE9F04F80468BB028B1A54C94F900306A
:1019A000002B80F28A81DFF8E0A2DFF8E092A14DFF
:1019B000A14CDFF898B20DF10B0204A903A8FFF7C0
:1019C000BDFF002854D0039E86B140F201139E4211
:1019D00032D040F201239E4200F0DE80802E19D0EA
:1019E0002B78FF2BE7D001332B70E4E7FEF75EFE88
:1019F000924B8BF800601E708D4B914E01221A7035
:101A00000423337023788F4A43F012032370062394
:101A10001370D0E79DF80B30022BE1D19DF8103008
:101A2000052BDDD103F054F8834AC9F80000137880
:101A300063F07F031370BEE723789DF80B1043F02B
:101A400002020229227000F0DA807A4A7D4943F0CE
:101A50000A03237013780220FF2B087001D0013392
:101A6000137003F035F8CAF80000FFF789F9A2E710
:101A700003F02EF8D9F80030044683B1C31AB3F549
:101A8000AF7F0CD8DAF80030E31A632B23D86E4A04
:101A90001368E31A312B27D80BB0BDE8F08F664AE4
:101AA000674D137803F07F0313702B78032BE9D174
:101AB000FEF7FCFD654A00231370604A13705C4B0F
:101AC00002221A705F4A04232B701370DAF8003078
:101AD000E31A632BDBD9CAF80040FFF751F95A4AE1
:101AE0001368E31A312BD7D9594B58491B78097819
:101AF0001460003B18BF012309B143F002034E4AB2
:101B0000127852074D4A127848BF43F004030AB1D5
:101B100043F008034F4A12780AB143F010034E49CC
:101B20004E4A0D681188002208B260F307024C4843
:101B3000C1F30721007861F30F2260F3174249498E
:101B4000494863F31F62494B04880888ADF82200B6
:101B5000CDE906521B68ADF82040082206A940F2E4
:101B600081200993FFF7BCFE28B9414A1378FF2B67
:101B70001CBF01331370082208A940F20130FFF79F
:101B8000AFFE002888D13A4A1378FF2B84D0013366
:101B900013700BB0BDE8F08F9DF80B30DFF898C0E4
:101BA000082B9CF8001073D1324E9DF817309DF829
:101BB0001620049FBDF814E03270002B40F08B809B
:101BC0002D4E07F52F3303F54873B34200F2DF8043
:101BD0000EF1FF33B3F57A6F80F0D980274B1B7875
:101BE000002B00F01E81264B1B789A4200F0878163
:101BF000D31ADBB2012B00F0148109206CE09DF8B0
:101C000010101C4B9DF811701F70022976D01D4BCF
:101C100000931B78002B40F0CA804B1E032B00F270
:101C2000B081DFE813F09700AE018000910000BFA3
:101C30009968002094680020986800205C68002063
:101C40009A680020966800208C6800207F68002039
:101C500080680020816800206C680020686800208F
:101C60007E680020646800206668002060680020AC
:101C70009568002097680020407E05007C68002061
:101C80007D6800207168002090680020586800205E
:101C9000A24A137841F04A01FF2B18BF01338CF898
:101CA00000109F4918BF1370022000220870022301
:101CB00011461046FFF72AF87DE6FEF7F7FC994932
:101CC00099489A4A00230B700370042168F07F033F
:101CD0002370117067E6032041F04A01904B8CF8A5
:101CE00000108E4918700B78FF2B01D001330B7058
:101CF000034671463846FFF709F85CE6012F48D0E5
:101D00008B4B1B7843B18B4B1B789F4200F0838039
:101D1000FB1ADBB2012B53D1844E3378013B012BEC
:101D200006D8854B55E0814E3378023B012B7ED996
:101D3000042342F008027A492270784A0B70137823
:101D4000FF2B7FF48CAE8CE6B8F1000F00F0898099
:101D50000523EEE7754E01913378042BE9D0FEF7A9
:101D6000A5FC714A75496E4B002010700122087065
:101D700032701A70019922786E4B1F70704B197077
:101D8000009901230B7022F00802227069E60720F7
:101D9000A2E7664E3378012B14D0654800780028FE
:101DA000BCD0644B1B78012B35D04BB9B5E7614BE8
:101DB0001B789F422FD0FB1ADBB2012B3FF42DAFD3
:101DC0000923B6E75C4B187830B1594800780028F1
:101DD000E7D11B78002BABD15A4B1B78002BA7D037
:101DE0000191FEF763FC584A54494D4B4E484FF061
:101DF000000C82F800C0022281F800C03270534902
:101E000080F800C001221A70494B81F800C0227886
:101E100001990093B0E74A4B1B788B423DD00823D1
:101E200087E7424E3378032B3BD0042054E7424BE4
:101E30001B78002B7FF47CAF424B1B78002B3FF4C8
:101E400077AF10067FF574AF019102F041FED9F82B
:101E500000200199831AB3F5AF7F40F28780227882
:101E600066E70191FEF722FC344B304E83F8008088
:101E70002D4B227883F80080344B019983F8008041
:101E8000314B83F800802C4B83F80080244B0120D9
:101E900002F0EF02307018706EE7214B01211970CB
:101EA00071E7254B1B780093002BBED1284E294BA0
:101EB0001F60337801333370274B1B4EA3F800E0CB
:101EC000009B3370254E3270254E3760254EA6F8A4
:101ED00000E0254E3370194B01261E701B4B1E70FF
:101EE00021F008010E4B41F042018CF80010012155
:101EF0001970034671463846FEF708FF5BE5184B3C
:101F00001B689F4201D00820E6E6164B1B887345EC
:101F1000F9D1154B1B78002BE2D0F4E79468002030
:101F2000966800205C6800207F6800209A68002086
:101F30007168002070680020996800208068002087
:101F400000000020816800207E6800207C6800205E
:101F50008268002088680020846800207D68002056
:101F60007868002074680020726800200191FEF7F4
:101F70009DFB0322044B327001221A7001992278D2
:101F8000FAE60323D5E600BF9668002030B52DEDB4
:101F9000048B93B0B0EE408A02F09AFDDFED3E0A6A
:101FA000DFED3E9AB0EE480A0546FEF73BFE55E0EF
:101FB0000020FFF7EDFCEFF3108472B6384944229D
:101FC00001A807F000FC84F310889DED019ADDED77
:101FD000020A9DED030ADDED048A9DED068AB5EE49
:101FE000C09AF1EE10FAF5EEC00A48BFB1EE499A78
:101FF000F1EE10FAB5EEC00A48BFF1EE600AF1EE5C
:1020000010FA48BFB1EE400A08F084F9F0EE490A30
:1020100008F080F9F5EEC08AF1EE10FA48BFF1EE53
:10202000688AF0EE680A08F075F9B5EEC08AF1EE3C
:1020300010FA48BFB1EE488AF0EE480A08F06AF993
:10204000B4EEE90AF1EE10FA13DC01214FF09040F2
:1020500004F05CFEE0B1012002F040FD02F038FD2A
:10206000401BB0F57A7FA3D3012013B0BDEC048BE5
:1020700030BDDFED0C7A0C4820EE270A4CF25032CE
:10208000FDEEC07A17EE901A07F0DCF90020ECE7BD
:10209000064807F03FFAF9E78FC2F53C00004842D6
:1020A0003069002000007A4438B1000878B1000897
:1020B00000B583B04FF0FF330190012201A903481E
:1020C00006F04EFD019803B000BD00BF506C00202B
:1020D000F8B52648264C274E274D0022012104F052
:1020E0001BFE22480022022104F016FE636C23F43A
:1020F00000436364236A334023622B68D86AD96A39
:10210000DA6ADF6A40084908B8424FEA520228BF3B
:102110003846B94228BF3946BA4228BF3A466063BA
:10212000A163E2635A6C42F400425A6400212846DB
:1021300006F064F90021284606F03AFC04212846FE
:1021400006F05CF90421284606F032FC08212846F6
:1021500006F054F90821284606F02AFC636C23F4A3
:1021600000436364236A33402362F8BD00040048DF
:10217000002C0140AAFAFFFFE46C002000B595B0E6
:102180003822002106A807F0A3FA00234FF40070BC
:10219000CDE90133CDE90333059304F0E3FE2221B9
:1021A0004FF48072069109924021012202230A9184
:1021B0000C921C21042206A8CDE90D33CDE90F3184
:1021C000CDE91132139304F047FF08B172B6FEE770
:1021D000034603210F2201A8CDE90121CDE90333F4
:1021E000059305F0B3F908B172B6FEE715B000BD6E
:1021F0002DE98048BDB002F04FFC342200212BA80D
:1022000007F066FA2BA804F023FC319B03F040632F
:10221000B3F1006F22D004F02BFA08B172B6FEE7DA
:1022200004F046FA20B104F057FA04F035FAF5E765
:1022300004214FF4C0424FF000632BA8CDE93023B6
:102240002B9104F08BFA0028EDD104F07BFA0446C0
:1022500004F042FA04F020FA002CDFD10024FFF74A
:102260008DFFCDE92B44CDE92D44B34B2F94D96C90
:1022700041F02001D964D96C01F02001189118991E
:10228000D96C41F00401D964D96C01F004011991B1
:102290001999D96C41F00101D964D96C01F001019F
:1022A0001A911A99D96C41F00201D964DB6C03F0E0
:1022B000020322461B9302214FF090401B9B04F027
:1022C0002BFD012210214FF0904004F025FD224605
:1022D0009A48032104F020FD01254FF090402BA9DE
:1022E0000227CDE92B542D9404F012FC2BA94FF0BA
:1022F00090401026CDE92B75CDE92D4404F008FC63
:102300002BA94FF09040CDE92B65CDE92D4704F086
:10231000FFFB032389482B932BA9CDE92C542E9442
:1023200004F0F6FB85482D942BA9CDE92B6404F02D
:10233000EFFB8349834A0A604FF416534B6008460B
:102340000C23C1E90244C1E90443C1E90644C1E9DF
:1023500008448C6206F0D6FE08B172B6FEE701466C
:10236000774806F041FF014608B172B6FEE77448AF
:1023700006F060FF08B172B6FEE7714806F016FF7E
:1023800008B172B6FEE705266F496D484FF47A73BF
:10239000372206F0E5FB6D4969484FF47A73112244
:1023A00006F0DEFB013E4FF4FA7002F097FB16F0E8
:1023B000FF06E9D123AC1FAD202231461F962046EF
:1023C000C5E90166624F07F083F931463C222BA82C
:1023D00007F07EF94FF400334FF0A0414FF00108B1
:1023E000C7E9001338460823C7E90266C7E90B6648
:1023F0003E61BE8387F82460FE6387F84060C7F8BB
:102400001480C7F82080BB6187F8386002F078FB41
:1024100008B172B6FEE7294638461F9603F0F0FD74
:1024200008B172B6FEE7DFF840A125967F220423AB
:102430004FF0060B21463846CDE92623CDE923ABE4
:10244000289602F0FBFD04237F2208B172B6FEE756
:10245000CDE92E2303233393A0228023CDE9352316
:10246000CDF8ACA009234FF0020A2BA938463096CC
:10247000ADF8D0608DF8D2608DF8DC60CDF8B4A0F6
:102480002C9303F0E5FA08B172B6FEE7DFF8DCC082
:1024900040F20F132BA93846CDE92BC303F0D8FA2D
:1024A00008B172B6FEE738462A4F40F215232BA931
:1024B000CDE92B7303F0CCFA08B172B6FEE72648DB
:1024C000264B03600E23C0E90166C0E90888C0E915
:1024D0000A88C0E90E668674C0F81CB0C0F834A043
:1024E000C660A0F81080C0F81880C0F83080436142
:1024F00003F05EFE08B172B6FEE7194F194B3B6060
:10250000A3F1F953A3F56E23A3F22B533846C7E981
:102510000268C7E90466C7E906663E627B6004F0AC
:102520000BFC08B172B6FEE73146384604F05EFC9B
:10253000F0B172B6FEE700BF001002400004004890
:10254000506C00200038014080BF0008C8B100086E
:10255000B06E0020000180214C6E0020006400401D
:10256000F86D002000780040400020198000501DC8
:102570007248002104F064FC08B172B6FEE7704FA7
:10258000704BB8604FF4827BC7E90800C7E90C00C4
:10259000C7E9003B38613823B8624FF4706A3846A7
:1025A0004FF001094FF400780726FB61C7E9059851
:1025B000C7F80CA0FE6205F05BFB034608B172B6DB
:1025C000FEE76148C0E90833C0E90C33836003616A
:1025D00083625E4B03601823C662C0E90598C0F8A9
:1025E00004B0C0F80CA0C36105F042FB064608B178
:1025F00072B6FEE7DFF85C8123901F90C4E901000A
:10260000C5E90100C4E90300C4E90500CDE91D00E6
:10261000E8601C90014634222BA807F059F84C4B77
:10262000C8F80030404640F6EF23C8E90166C8E923
:102630000466C8F81860C8F80C3005F0F5FF08B15A
:1026400072B6FEE74FF48053294640461F9305F0CB
:10265000D7FE08B172B6FEE7404606F017F808B19B
:1026600072B6FEE71C901E904FF4E0031CA9404692
:102670001D9306F09FF9024608B172B6FEE7CDE958
:102680002500CDE9270029906023322621464046C7
:10269000CDE9233606F0A8F808B172B6FEE724901B
:1026A00004222146404606F09FF808B172B6FEE7C4
:1026B000404608222146249606F096F808B172B6E4
:1026C000FEE74FF0700A40F69F2322480C22214675
:1026D000CDE923A306F050F808B172B6FEE70B234C
:1026E0002E934FF40053CDE92B00CDE93100CDE915
:1026F00035002D902F9033903790309315484FF040
:1027000000732BA9349306F0A7F9064608B172B6F8
:10271000FEE7104802F040F80F48104B03604FF0FE
:1027200002084FF40273C6728380C0F8078004F079
:10273000B1FB0646A0B172B6FEE700BFF86D0020FF
:10274000946D002000300140306D0020003C0040BE
:10275000002C0140E46C002074690020005C004003
:10276000BA49BB4BD1F8FC2042F08072C1F8FC2082
:1027700058601A6842F001021A60B64A536C23F49A
:1027800000435364136A23F4AA6323F0050313621E
:10279000FDF78CFFB04B1E70B04B1E70B04B1E701F
:1027A000B04B1E70B04B1E60B04B1E80B04B1E7005
:1027B000B04B1E70B04B1E70B04B1E70B04B1E70F5
:1027C000B04B1E70B04B1E70B04B1E60B04B40F251
:1027D000011130461E60FFF747F802F079F9AD4B62
:1027E0006438186001220521AB4806F02BFE40F248
:1027F000812C40F28113CDE9013C40F2012300938A
:10280000812240F201133146A44806F01BFE4FF42A
:10281000AF73A349009301224FF47A63A14806F0F5
:1028200011FE41F28833009342F6E06242F21073E7
:1028300041F270719C4806F005FE01224FF4004100
:102840004FF09040CDE92B66CDE92D662F9604F030
:1028500063FA4FF4004E01232BA94FF09040CDE9CD
:102860002D68CDE92BE304F053F9214643F6FF70C0
:10287000ADF88C60ADF8AC60FEF780F900B32BA921
:1028800043F6FD70FEF77AF9D0B1BDF88C10874B96
:10289000C1F30D0EAEFB03309A0B42EA80424FF4B7
:1028A0007A708C46B2FBF0F300FB1320BCF1000FF2
:1028B00000F014810CF0010256404FEA5C0CF5E781
:1028C0007B4805F0A5FB0646794805F0A5FB314697
:1028D0000246784806F0B6FD3A681368002623F0F1
:1028E0004003CDE92B66CDE92D662F9610211360AC
:1028F0004FF09040012204F00FFA324620214FF0B1
:10290000904004F009FA324640214FF0904004F024
:1029100003FA4FF00108302302272BA94FF0904013
:10292000CDE92B382D962E9704F0F2F840232BA9F1
:102930004FF090402B93CDE92C862E9704F0E8F8C9
:1029400080232BA94FF090402B93CDE92C682E9734
:1029500004F0DEF83E49584B48681B68574AB3FB01
:10296000F2F303EB83034A68121A9342FBD8012265
:1029700002214FF0904004F0CFF90A2002F0AEF8A7
:102980004F495048DFF85091DFF830A106F05AFD6A
:1029900002214FF0904004F0B9F9102106464FF0A3
:1029A000904004F0B3F9012107464FF0904004F045
:1029B000ADF9802180464FF0904004F0A7F9421E07
:1029C0005042504108F1FF314B42009007F1FF3077
:1029D0004B41013E42424241714271413A483B4EB5
:1029E0003B4FDFF86C8006F02DFD4FF0000B49EAFD
:1029F000CB2292B210460592FDF78AFE2E4AD8F8F5
:102A000004C01168059AB1FBFAF10346D8F8040036
:102A1000A0EB0C008142F9D832803B80C3F30A035B
:102A2000009332883B882B48594692B29BB20BF1F7
:102A3000010B06F007FDBBF1080FD8D1FDF7E8FF49
:102A400000285ED1FDF732FE72B6FEE700ED00E031
:102A5000001000E0002C0140986800209A680020D7
:102A6000996800209668002088680020846800200B
:102A70008268002081680020806800207F68002034
:102A80007E6800207C680020716800208C6800202F
:102A90005868002090680020DCB100081CB20008D3
:102AA00020BF02008CB20008ECB20008407E050096
:102AB000306D00203CB300082400002040420F008D
:102AC000CCB30008E8B3000808B400082C69002063
:102AD0002A6900206CB400080080FFFFDFF8C0C244
:102AE00000909948012E18BF60460190BDF8AC00D7
:102AF0000390C1F3803002907246944806F0A2FC25
:102B0000EAE6934806F006FDFFF7E2FA914A002351
:102B1000ADF87C30ADF88C30ADF8AC30536C23F4AC
:102B200000435364136A23F4AA6323F005031420BB
:102B3000136201F0D3FF88487F2102F081FE002854
:102B400040F0EC8029460620FDF778FEF0B12146E2
:102B50000720FDF773FEC8B1BDF88C80C8F30A0AE0
:102B60004AF4605040F00100FDF7D2FD2BA9072088
:102B7000FDF764FE18B1BDF8AC30DB070AD4774826
:102B800006F0C8FCFDF792FD72B6FEE7744806F049
:102B9000C1FCF7E7BDF87C60C6F30A0343F440507C
:102BA00040F01C000693FDF7B3FD2BA90620FDF7AE
:102BB00045FE074628B1BDF8AC2002F01C031C2BD3
:102BC00007D0684806F0A6FC4AF46050FDF7A0FD67
:102BD000D8E748F0010331466348DFF8C891DFF8D1
:102BE000C8B106F02FFC012001F078FF5F484FF4D8
:102BF000007106F027FCCDE9078A5D4B05934FF085
:102C00001008DBF800603046FEF716F9B8F101084D
:102C1000F7D1B2464FF6FF714FF400760997CDF821
:102C200028B04746CB46C146B0460E465046FEF752
:102C300003F9864228BF0646874238BF0746B8F1E7
:102C400001088144B6B2BFB2F0D131463A46464699
:102C5000C8460192D94608F58073521A009192B283
:102C6000C3F34F21029229F8021B0A46A1F5007115
:102C70001FFA81F83F48404940F6E443B8F5406FF9
:102C800028BF01460598039102FB03F340F6FF714C
:102C900003F2FF73B3FBF1F310F8011B0590DDE9BC
:102CA000097B364806F0CEFB354BB8F5406F2CBF9C
:102CB000002707F001074B450BF1040B9FD1069B42
:102CC00043F44050DDE9078AFDF722FD2BA90620D9
:102CD000FDF7B4FD20B1BDF8AC3003F01C031BB10F
:102CE000284806F017FC00274AF46050FDF710FD55
:102CF0002BA90720FDF7A2FD30B1BDF8AC3088EA62
:102D0000030818F001080DD01F4806F003FC1F4807
:102D100006F000FC1E4806F0FDFB33E71D4806F0F8
:102D2000F9FB2FE7194806F0F5FB002FF2D01A4BFC
:102D30001A48198806F086FBFDF76AFEB0BBFDF75E
:102D4000B5FC72B6FEE700BFB0B1000874B300086E
:102D5000A0B40008002C0140B06E00205CB5000853
:102D600024B5000888B50008B8B5000800B600080A
:102D700070BF0008B4B1000874B1000844B6000880
:102D80001A00002084B60008C4B60008FCB600088B
:102D90003CB70008E8B400082000002084B7000811
:102DA000ACB100081400002074BF0008FEF718FD45
:102DB0000521CB48DFF800B4DFF80094C94FDFF8F5
:102DC00000A406F03FFBC84806F0A4FBC74AC84869
:102DD0008BF80080382100231170C64A89F80080E2
:102DE0003B60037812788AF800800E920BBB9846FD
:102DF000C14BDFEDC28A9FEDC28A05961E4607EEE3
:102E0000908AB8EEE70A08F1010820EE280A20EEC1
:102E1000080A07F045FAB8F5806FB548B64BA6EC3E
:102E2000010AECD11A68059E03F580531A6001234C
:102E30000370FEF76DFCDFEDB30AB0EE600AFDF73C
:102E4000F1FEFEF735FC0146AF4806F0FBFA42F210
:102E5000DA325021AD4806F0F5FAAD4806F05AFBDB
:102E60009FEDA80AFFF792F8002800F0A6871CA89B
:102E7000FDF712FF002800F0A087A64806F04AFBE5
:102E80009FEDA50AFFF782F8002800F092872846F8
:102E9000FDF702FF002800F08C87BDF87C10BDF81C
:102EA0007030C91AB1F5005FC0F27C87A1F580418E
:102EB00001F13F037E2B40F26F870029C0F2ED84C1
:102EC0000A469649964801230B70964906F0BAFACD
:102ED000954806F01FFB9FED8B0AFFF757F8002877
:102EE00000F09B842046FDF7D7FE002800F0958473
:102EF000DFED848A2024B0EE688AB0EE689AF0EEA6
:102F0000689A2BA8FDF7C0FF9DF8E83001209BB11F
:102F10009DF8EA3083B19DED2B6ADDED2C6A9DEDC5
:102F20002E7ADDED2D7A79EE869A39EE269A38EEF4
:102F3000078A78EEA78A064401F0D0FD013CE0D173
:102F4000002E00F04C8707EE906AF8EE677AB1EE3B
:102F5000047A89EE27AA88EE279A89EEA78AC8EE16
:102F6000A79A79EE4A7AC7ED007AD7ED007AF5EEA6
:102F7000C07AF1EE10FA48BFF1EE677AF4EEC77A44
:102F8000F1EE10FA00F31D87B5EEC08AF1EE10FAEB
:102F900000F12987F5EE007AB4EEE78AF1EE10FA37
:102FA000C0F2E9860123614C2370DFED618A02964D
:102FB00069EEA87A2AEE28AAFDEEE77A94F90010C5
:102FC000584BCDED017A28EE288AFDEECA7A29EE1B
:102FD000289A584A5848594EDFF8E8819FED58BA68
:102FE000DFED469A0029C8BF1A46BDEEC99A17EE12
:102FF000903AFDEEC87A11468DED009A17EE902AB0
:1030000006F020FAD7ED007A4E489FED3E8A4E4FEB
:1030100067EEA87A0125FDEEE77A002417EE901AF4
:1030200006F010FA494A8AF80050536C23F4004322
:103030005364136A23F4AA6323F00503F0EE480AED
:10304000B0EE480A1362FDF7EDFD414A414B82EDB7
:10305000008A414A414982ED008A414A414882ED55
:10306000008ABDF88C201A8008923F4A49680160A6
:1030700014603E483E4A80ED008A82ED008A3D4859
:103080003D4A80ED008A14603C483D4A80ED008A4C
:1030900082ED008A3B483C4A80ED008A14703B4830
:1030A0003B4A80ED008A82ED008A3A483A4A3A600B
:1030B0003A4A80ED008A326039483A4A80ED008A07
:1030C00082ED008A3848394A80ED008A82ED008A14
:1030D0003748384A80ED008A82ED008A74E000BFEC
:1030E000D8B70008EC6800200CB8000812000020D7
:1030F000505800208268002054580020DB0FC9403F
:103100000000803A0000000070B800089CB8000879
:10311000E8B8000850B90008DB0FC93F11000020D3
:1031200070BA0008C0B10008B8BA0008100000204A
:1031300000007A44C4B10008F0BB00080800002079
:10314000CDCCCC3D64BC00080C000020002C01401C
:1031500024690020F068002008690020001000E0C9
:103160000469002000690020FC680020F868002045
:1031700020690020F4680020C0680020D868002082
:103180001C690020D4680020BC680020D0680020A2
:10319000E4680020CC68002000004041000020418D
:1031A000C8680020B0680020C4680020AC68002017
:1031B000B8680020A868002029690020286900203C
:1031C000E8680020E0680020CA48CB4A80ED008A09
:1031D000CA4BCB4882ED008ACA4A80ED008AC8F803
:1031E000004014601C70C84AC84BC94814601C7069
:1031F00006F090F9D7ED007A96ED007AC54867EEB3
:10320000A87A27EE287AFDEEE77ABDEEC77A41F27A
:10321000883617EE103A17EE902A41F27071009638
:1032200006F010F94FF4AF7300933222C823FA214D
:10323000B94806F007F964221146B84806F002F9C9
:1032400004F08EFA4FF4FA510309C822B44806F08C
:10325000F9F8FDF72BFAB34BB34A1C70B34B1C7053
:10326000B34B1D70B34B1D70137843F020031370E4
:1032700001F02EFCB04B64381860B04806F04AF9F3
:1032800001F026FCAE4BAF491B68059307EE903A60
:10329000B8EE677AF7EE006AC6EE877A4B68AA4AFC
:1032A0008BF80040A4468646059C0C93C8207D21DF
:1032B000CDE90ACECDE905C3C2ED007AA34AB4FB3D
:1032C000F2F200FB123001FB02F106FB02F2B0EE5B
:1032D000489AF0EE488AB0EE48AAF0EE48AA099063
:1032E00010911192CDF81CC0E246CDF834E0CDF833
:1032F00058E0CDF83CC001F0EBFB924B05465C6812
:1033000099F80000FEF744FB8A4B1E78032E00F06C
:10331000CF838F4A00231370CDE90A358D4A079376
:10332000B0EE489AF0EE488A13708B4B0E9A1B78D9
:103330001293934236D0D8ED007A9FED885ADFED94
:10334000886A884B9FED886A814A0B95F8EEE77A88
:10335000F2EE065A67EE857AB2EE047A67EEA67A46
:10336000B0EE489AC7EEA56AF0EE488AC3ED006A4F
:103370007E4B1B6807EE903AF8EEE77A604BC7EE9B
:10338000866AC3ED006A7A4B1B8807EE903AF8EE26
:10339000677A002387EE87BA13700793754B764AD6
:1033A0001B7813700C9B109AE31A9A4240F2FF822A
:1033B0009BF80030002B40F0EA820D9BEB1AC72BE4
:1033C00040F228829BF80030002B00F023824F4B04
:1033D000169A1E78AB1A8B2E179300F2FE81EFF32C
:1033E000108472B6654944222BA806F0ECF984F3E8
:1033F00010889DF8E82013929DF8E92015929DF819
:10340000EA209DED2B6A9DED2C2A9DED2D5A9DED18
:103410002E7ADDED2F4ADDED307ADDED345A359C24
:10342000BDF8D8000E92EFF3108172B6544E554A93
:10343000554FD6ED00DA92ED00DAD7ED00CA2E4FE7
:10344000134697ED00CA304A2E4F3F68126886ED4A
:10345000008A4D4E83ED008A86ED008A264E149236
:1034600086ED008A284A274E4FF0000CC6F800C0AF
:10347000C2F800C081F31088444A4549D2ED002AC1
:10348000444A224B92ED003A434A77EE066AD2ED67
:10349000003A424A76EEA76ADFED337AD2ED001A9F
:1034A0003F4A27EE277A26EE276A22EE272A64EE85
:1034B000A74A25EE275A65EEA75A66EEA76ABDEE23
:1034C000C74A62EEA72A9FED377A23EE273A63EECA
:1034D000A73A61EEA71AD2ED007A67EE877ABDEEC1
:1034E000C66AFDEEE77ABDEEC22A17EE902AD1ED4C
:1034F000007A59E0B4680020A46800209B6800208E
:10350000DC680020A06800209C680020CC0000201F
:10351000B8BC000824BD000880BD0008F0BD00084C
:1035200084BE0008996800209868002096680020F2
:10353000816800209A68002090680020D0BE0008B2
:1035400024000020001000E00400002040420F0092
:103550007F6800205C680020826800200000B4437F
:1035600000008038D868002000007A448868002075
:10357000846800207D6800207E680020306900207B
:10358000B0680020AC680020A868002018690020FE
:10359000D4680020146900202469002004690020F8
:1035A000E46800200000C842BE4967EE877AFDEE5D
:1035B000E22AFDEEE77ABDEEC33A17EE906AD1ED4E
:1035C000007A19780B46A02103FB01F10D93B64B4D
:1035D0005C501C1F179B635063180D99D8F800406E
:1035E0001881C3E90F6267EE877A4E1C2AEE877A4C
:1035F000AE49AF4A83ED036AF6B2FDEEE33AFDEE63
:10360000E11AFDEEE77ABDEEC77AFDEEE44ABDEEC3
:10361000C55AFDEEE55AFDEEE66A0E7084FB022106
:10362000614583ED042A83ED054AC3ED0A2A83ED43
:103630000B3AC3ED0C3AC3ED0D1A83ED0E7AC3EDD0
:10364000117AC3ED064A83ED075AC3ED085AC3ED5C
:10365000096A04DA43F6FF70121841F1000107EE1F
:10366000904ADFED946A9FED947A9448DFED94BA26
:10367000F8EEE77A920B67EEA67AF2EE066A67EE4C
:10368000877A42EA814287EEA67A8E499A64A0241C
:10369000D0ED007A8C4867EEAB7A90ED006A8B48EB
:1036A000FDEEE77AD0ED006A0D9817EE903AFDEE48
:1036B000C77A91ED007A864917EE902AD1ED007A0B
:1036C000844904FB0014C4E9132326EE2B6A66EE3A
:1036D000AB6A27EE2B7A67EEAB7A7F4B7F4A1B688B
:1036E000E365BDEEC66AFDEEE66ABDEEC77AFDEEA5
:1036F000E77A7B4B84ED156AC4ED166A84ED187A7F
:10370000C4ED197A5B68126876489B1AA3FB000126
:10371000754B1A680023FCF7D3FD744BDFED745A28
:1037200093ED006A734BA066D3ED006A724B93ED84
:10373000007A724BD3ED007A714B67EEA57A26EED4
:103740002B6AFDEEE77A66EEAB6AC4ED1F7AD3ED25
:10375000007A6C4B67EEAB7A27EE2B7AFDEEE77AB8
:10376000BDEEC66AC4ED1E7AD3ED007A84ED1B6A05
:1037700067EEA57AFDEEE66ABDEEC77AFDEEE77A62
:10378000C4ED1C6A84ED1D7AC4ED207A002F40F050
:10379000D580C4E9217738463C46139B0D99002219
:1037A00063F30702159B63F30F220E9B63F317422B
:1037B000A02303FB01F10B465349097861F31F6213
:1037C00044491944C1E923401498C1F89470C1F8E0
:1037D000980098333449CA50DEB13E49A022731E86
:1037E00002FB0313D3F8942040F6B7339A4210D863
:1037F000062389F80030454A00238BF80030536CCB
:1038000023F400435364136A23F4AA6323F00503EB
:1038100013620D95129B0E936DE53D4805F07AFEFF
:10382000DFED3C0A314A334B00248BF80040C2EDF7
:10383000000AC3ED000A384BC3ED000A374B93ED85
:10384000000AFDF7B9F93148436C23F4004343649F
:10385000036A23F4AA6323F0050303623048314B63
:103860001C70037823F024030370022122464FF0DA
:10387000904003F051FA224602212B4803F04CFA03
:103880002A4802F0ADF8FCF711FF294805F042FE86
:1038900099F80000FEF77CF8FAE7264A264805F07A
:1038A000D1FDBDE7D0680020D4000020CC0000206E
:1038B000407E050000C8AF4800008038D86800206E
:1038C00000007A44C8680020CC680020DC68002032
:1038D000C4680020D0000020C068002000690020DB
:1038E000001000E040420F0024000020206900206A
:1038F00000401C461C690020B868002010690020A8
:10390000B46800200C690020BC680020002C014035
:10391000E0BA000800000000E468002024690020EC
:10392000986800208168002000040048B06E0020E4
:1039300018BF0008C0B1000810BA000807EE907A5E
:10394000F8EE676AB0EE086A8DEEA67ACDEE267ABA
:1039500027EE2B7A67EEAB7A66EE866ABDEEC77A03
:10396000FDEEE77A8CEEA60A84ED217AC4ED227A88
:1039700006F03CFC2CEE2BCA60EE2B7ABDEECC7A26
:10398000FDEEE77A17EE100A17EE904A05E70121DF
:103990004FF0904003F0BAF900287FF40EAD0522F5
:1039A00089F800208BF80000FCF780FE05E5A74BA6
:1039B0002BA85E68FDF770F9002842D10AF1010AD0
:1039C0005FFA8AFABAF1090F0FD9A14A032189F8DF
:1039D00000108BF80000536C23F400435364136A07
:1039E00023F4AA6323F005031362DDE908679BF85B
:1039F000003013B3B5EEC0AAF1EE10FA9FED957A40
:103A00004CBFF1EE4A7AF0EE4A7AF4EEC77AF1EE64
:103A100010FA12DD042389F800308D4A00238BF858
:103A20000030536C23F400435364136A23F4AA63F5
:103A300023F00503F0EE4AAA136209970C94089646
:103A4000B6E4824B089A5B6883499B1B06EB5303E1
:103A5000BDF8AC6008688149B0FBF1F1B21AC82723
:103A6000B2F5005F07FB11374FDBA2F58042099BDF
:103A7000FB1A07EE103A07EE900AB8EE477AF8EE16
:103A8000677A304687EE275AFCF7B0FD744BD3EDCA
:103A9000006A744BD3ED007AE5EE267AB0EE407AF8
:103AA000F4EEE97AF1EE10FA27DB77EEE97AF7E740
:103AB0009BF80030002B7FF438AC6B4B1B78002B4D
:103AC0003FF433AC0A9B002B00F091800F9BEB1A64
:103AD000092B7FF62AAC01214FF0904003F016F934
:103AE0000A9020BB052389F80030FCF7DFFD5F4B0F
:103AF0001B78032B7FF40DAC17E4F5EEC07AF1EEE2
:103B000010FA08D577EEA97AF7E712F5005FB8BF8B
:103B100002F58042ABE737EE677ADFED556AB4EE27
:103B2000E67AF1EE10FA7CDD37EE697AF7E7474B7B
:103B30002BA85F68FDF7B0F8002800F08280434BA7
:103B4000BDF8AC405B68089A0C93D91B424B434DBF
:103B50001B68B3FBF5F3A21A07EB5101C82000FB69
:103B60001313B2F5005F099365DBA2F5804241496A
:103B70002046FCF73BFD91F90010D8F8003002FB1D
:103B80000133B0EE40AAC8F8003000F0A1FF3A4B74
:103B90000D90B0EE4A0A0546F0EE480A099883ED0A
:103BA00000AAFCF763FD2A4B0894012159611A6AA7
:103BB0009FED32AA42F4AA6242F005021A625A6CE0
:103BC00042F400425A641A680A431A602C4A8BF87D
:103BD0000010137843F0040313700C9B06931C46EB
:103BE0000023F0EE4AAA059300230A937FE7254BB2
:103BF00083ED008A244B83ED008A244B83ED008AF9
:103C0000234B012202214FF0904083ED008A03F004
:103C100083F80123B0EE489AF0EE488A0F950A9394
:103C200065E7DFED1C6AB4EEE67AF1EE10FA35D501
:103C300037EE297AF7E712F5005FB8BF02F5804248
:103C400095E789F80060FCF731FDCDE7001000E052
:103C5000002C014000409C452400002040420F0001
:103C60000469002008690020816800209A6800200B
:103C7000DB0F4940110000202469002000000000F3
:103C80009868002020690020F8680020F46800206F
:103C90001C690020DB0F49C0CDCC4C3E5FED026AB1
:103CA000564BB5EEC07AF1EE10FA67EE266A83ED58
:103CB000007A50D49FED527AF4EEC76AF1EE10FA12
:103CC000D8BFB0EE667A4F4BDFED5E6A93ED004AE7
:103CD0004D4BDFED4E4A93F9003002FB03F30E2209
:103CE00002FB03F205EE902AF8EEE55A25EE265A7D
:103CF00065EEA95ADFED466A85EE856A36EE446ABE
:103D000026EE246AB4EEE66AF1EE10FA08D4DFED8E
:103D1000416AB4EEE66AF1EE10FAD8BFF0EE466AF8
:103D2000384AD2ED000A3C4A82ED007A059A1A44DC
:103D30000592D8F8002037EE870A03EB020A70EEEE
:103D4000A60AC8F800A0B4EEE90AF1EE10FA0ADB00
:103D500030EE690AF7E79FED317AF4EEC76AF1EECB
:103D600010FAA7D5AFE7B5EEC00AF1EE10FA6DD59F
:103D700030EE290AF7E7DFED347A294C294A2A4840
:103D800068EE277A0123FDEEE77A237017EE901A8A
:103D900005F058FBFFF709B94FF49272234805F07C
:103DA00051FB3DE511F5005FB8BF01F58041FFF71C
:103DB0007FB81F4805F0AEFB32E51E4805F0AAFBB0
:103DC0002EE5D7ED007A9FED207A1B4867EE877AC3
:103DD000FDEEE77A17EE901A05F034FB20E5174860
:103DE00005F098FB1CE5FDEE007AB4EEE78AF1EEF3
:103DF00010FAC0D84FF0FF33FFF7D5B8C8680020DD
:103E00000AD7A33C0469002011000020CDCCCC3C93
:103E1000000048C300004843C46800200AD7A3BC80
:103E200010000020C0B10008A0BB0008C0B9000805
:103E30008CB900081CB900085CBB000820BB000856
:103E40000000B4430000804600007A443846FCF786
:103E50000DFC069B119AE31A9A4200F2D5829DED61
:103E6000057A1FED096A5FED094A1FED095A07EE51
:103E7000903ACC4BF8EE676A83ED007A07EE90AA91
:103E8000C94BF8EEE77A1B680593F8EEC75A67EE60
:103E9000867A9FEDC67A06EE103A65EE875AB8EE3E
:103EA000466A66EEA44A65EE865A9FEDC17AC14B1A
:103EB00085EEA4AAF6EE003A7AEE6A5A67EE877AA1
:103EC000E5EEA3AAB2EE064AC7EE84CA8AEE84DA09
:103ED0002CEE855AB2EE047ADFEDB77ABDEEC55A04
:103EE0002DEE077A83ED005AB4EEE77AB34BF1EE8C
:103EF00010FA83ED00AA08D4DFEDB17AB4EEE77AC8
:103F0000F1EE10FAD8BFF0EE477ABDEEE77AAD4A8F
:103F1000DFEDAD5ADFEDA87A17EE103A1BB2138031
:103F2000AA4B93ED007A27EE257AB4EEE77AF1EE0C
:103F300010FA08D4DFEDA27AB4EEE77AF1EE10FAC7
:103F4000D8BFF0EE477ABDEEE77AA14ADFED9E5A80
:103F5000DFED997A17EE103A1BB213809D4B93ED6B
:103F6000007A27EE257AB4EEE77AF1EE10FA08D45B
:103F7000DFED937AB4EEE77AF1EE10FAD8BFF0EE07
:103F8000477A954B9FED907AD3ED00BA934B9449C5
:103F900093F800A0934BFDEEE77A3BEEECEA1A783B
:103FA00017EE903A2EEE077A1BB20B80BDEEC77A61
:103FB0008D4B83ED007A8D4BC6EE86EA1A70BAF10E
:103FC000000F00F01D829BF8003003F0FF0A002B69
:103FD00000F01682864B93ED00CADFED867A7BEE09
:103FE000CCDAB0EE080AF5EEC0DAF1EE10FA00F124
:103FF0000F826DEEA77A87EE800A06F0F7F8F5EEED
:10400000C0DAF1EE10FAF0EE407A40F3F481F5EE0A
:10401000C07AF1EE10FA00F1EE81F4EECB7AF1EE17
:1040200010FAC8BFF0EE4B7AB0EE6DFA9FED717AE0
:10403000F4EEE78AF1EE10FA2EEE877A40F1D081A5
:1040400038EE877AB4EEE77AF1EE10FAD8BFF0EEE8
:10405000477A38EEA77AF6EE006A27EE267AF1EE76
:10406000086A27EE267AF5EEC0DAF1EE10FAAEEE27
:1040700087CA40F39381F4EECCBAF1EE10FA00F265
:104080009481B0EE6BCAF0EE488A594B7CEE6CCA54
:1040900083ED00CA584BF2EE067A68EEA77AC3EDBC
:1040A00000CA564B7BEECCBA37EEEA7AC3ED007A03
:1040B000534BF5EEC0BAF1EE10FA83ED007A9FEDA6
:1040C000517A48BFF1EE6BBAF4EEC7BAF1EE10FACE
:1040D00078EECD7A40F13681F5EEC08AF1EE10FA35
:1040E000DFED486A4CBFB1EE687AB0EE687AB4EEA4
:1040F000E67AF1EE10FA40F12581B5EEC0EAF1EE74
:1041000010FA48BFB1EE4EEAB5EE007AB4EEC7EA57
:10411000F1EE10FA00F21681B5EEC0DAF1EE10FA07
:104120009FED397A48BFB1EE4DDAB4EEC7DAF1EE61
:1041300010FA00F20781079B002B00F0BC80EB1AFD
:10414000B3F5967F05D3314A137813B90123137061
:104150000B959BF8003003F0FF0A002B00F0508114
:104160009FED2B6A9FED287A2CEE866A67EE875AC0
:1041700026EE2E6AFFEE007A36EE097AF5EE006A38
:10418000B4EEE77AF1EE10FAECEEA65A42D4F7EE6E
:10419000007AB4EEE77AF1EE10FAD8BFF0EE477A83
:1041A00038E000BFC06800202400002000007042FA
:1041B000000080386C680020000000C7D468002030
:1041C00000FEFF466868002000007A441469002061
:1041D000666800201C690020DC68002080680020E0
:1041E00064680020BC680020606800205C680020D3
:1041F000D86800200000C842CC680020E468002095
:10420000D06800200AD7233CCDCC4C3E7F680020EC
:10421000CDCC4C3D35EEA77AF9EE086AB4EEE67ADD
:10422000F1EE10FA7BD4F1EE084AB4EEE47AF1EE46
:1042300010FAD4BFB0EE475AB0EE645AB4EE457AE5
:10424000F1EE10FA52D0B4EEE45AF1EE10FA43DB7C
:10425000B5EEC06AF1EE10FA48D47D4B35EE897A9E
:1042600083ED009AB5EEC07A7A4BF1EE10FA83ED49
:10427000008A22D4F0EE497AF1EE086AB4EEE67ACA
:10428000F1EE10FA744AACBF01230023B0EE679A36
:104290001370F1EE087AB4EEE77AF1EE10FAC8BFC7
:1042A000B0EE677A6D4B4FF0000ACDE905A483EDBF
:1042B000007AFFF79CBB07954BE7F9EE087AB4EE5E
:1042C000E77AF1EE10FA644A94BF012300231370D9
:1042D000DFD5B0EE677AE5E7B4EEE65AF1EE10FA14
:1042E000BBD8B5EEC06AF1EE10FAB6DD584BB5EEAC
:1042F000C07AC3ED007A574BF1EE10FA83ED008AD5
:10430000BAD5F9EE086AB4EEE67AF1EE10FA524A3E
:1043100094BF01230023B0EE679A1370B9E7B5EE9E
:10432000C06AF1EE10FA98DD494B4B4AC3ED007AB2
:10433000484B83ED008A0123B0EE679AB0EE667AAF
:104340001370AFE7464B1B7813BB0B9AA91A43F6C1
:104350009722914219D9434A1278032A15D10A218A
:1043600089F800104049414A81ED008A3B4981EDBE
:10437000008A8BF80030536C23F400435364136AB3
:1043800023F4AA6323F00503136200230793E0E6F6
:10439000334A0B95002313700793DAE605D5F4EE44
:1043A000CCBAF1EE10FABFF66CAE9FED317AB4EEF6
:1043B000C7FAF1EE10FA10D5F5EEC07AF1EE10FA68
:1043C000DFED2C6A4CBFB1EE677AB0EE677AB4EEDF
:1043D000E67AF1EE10FA3FF554AEF0EE678A54E655
:1043E0002FDD38EEC77AF4EEC77AF1EE10FAD8BFB7
:1043F000F0EE477A2DE6B0EE6DFAF0EE487A15E66B
:10440000CDE905A4FFF7F3BA4FF0000AFFF7EFBAC2
:104410006DEEE77AB1EE6DFA87EE800A05F0E6FE02
:10442000B5EEC00AF1EE10FAF0EE407A0CD4B4EE1C
:10443000CB0AF1EE10FAC8BFF0EE4B7AF1EE677AD4
:10444000F4E5F0EE687A04E6F0EE487AF6E700BFAD
:10445000B8680020B4680020BC6800201C690020F7
:104460007F6800209A680020E4680020002C01404A
:104470006F12833A0AD7233C72B6FEE70B4B1A6ED3
:1044800042F0010282B01A661A6E02F00102009236
:10449000009A9A6D42F080529A659B6D03F08053AA
:1044A0000193019B02B002F0CFBD00BF001002409B
:1044B00010B5044698B00021442207A8CDE90211A6
:1044C000CDE90411069105F003F92368B3F1A04F7B
:1044D00001D018B010BD4FF400424FF0005307A8B0
:1044E0000792169303F082F930BB174B1748DA6C2A
:1044F00042F40052DA64DA6C02F400520092009A3C
:10450000DA6C42F00402DA64DB6C9FED0D7B03F0A1
:10451000040302A9019300248DED027B019B049406
:1045200002F0F6FA22460121122001F0DFFD1220EE
:1045300001F016FE18B010BDFFF79EFFD5E700BFD3
:1045400007000000030000000010024000080048BF
:1045500010B5044698B00021442207A8CDE9021105
:10456000CDE90411069105F0B3F81F4B22689A4279
:1045700001D018B010BD4FF480524FF0007307A85F
:104580000792139303F032F910BB184B18489A6D39
:1045900042F000729A659A6D02F000720092009AE1
:1045A000DA6C9FED0D7B42F00202DA64DB6C8DED7C
:1045B000027B9FED0B7B03F00203019302A9092309
:1045C0008DED047B019A069302F0A2FA18B010BD9B
:1045D000FFF752FFD9E700BF000300000200000010
:1045E00000000000030000000064004000100240D2
:1045F000000400480000000010B5044698B00021F7
:10460000442207A8CDE90211CDE90411069105F075
:104610005FF81B4B22689A4201D018B010BD4FF4CE
:10462000807307A8079303F0E1F810BB154C1648F8
:10463000E36C43F00403E364E36C9FED0F7B03F052
:10464000040300930823009A06930022002302A982
:10465000CDE904238DED027B02F05AFAA36D43F0FD
:104660008043A365A36D03F080430193019B18B0C1
:1046700010BDFFF701FFD9E70003000012000000A2
:1046800000780040001002400008004800000000D0
:1046900010B5026832498CB000238A42CDE9063356
:1046A000CDE908330A9304D02E4B9A4226D00CB0A1
:1046B00010BD03F1804303F504339FED257B1A6E93
:1046C00042F480521A661A6E02F480520192019AE4
:1046D000DA6C42F00102DA64DB6C03F0010302934E
:1046E0000322052306A94FF090408DED067BCDE90E
:1046F0000923029C02F00CFA0CB010BD03F5EA335A
:104700009FED157B9A6D184842F400429A659A6DA8
:1047100002F400420392039ADA6C42F00102DA6476
:10472000DA6C02F001020492049ADA6C42F004029C
:10473000DA64DB6C03F00403059306A906238DED10
:10474000067B059A0A9302F0E3F90CB010BD00BF96
:10475000E000000002000000001C00000200000059
:1047600000300140003C004000080048094B02684E
:104770009A4200D0704703F5644382B01A6E42F447
:1047800000621A661B6E03F400630193019B02B082
:10479000704700BF002C014070B5234B026888B001
:1047A00000249A42CDE90244CDE90444069401D0A4
:1047B00008B070BD03F564430625DA6C1B4842F06F
:1047C0000202DA64DA6C02F002020092009ADA6CF9
:1047D00042F00102DA64DB6C069503F001034FF44A
:1047E000C042019302A90223CDE902230226019BC4
:1047F00002F08EF94FF40043CDE9023602A90423FA
:104800000A480693CDE9044402F082F94FF4E063CC
:1048100002A94FF09040CDE90364CDE9054502932C
:1048200002F076F908B070BD002C01400004004889
:1048300010B5044698B00021442207A8CDE9021122
:10484000CDE90411069104F043FF1D4B22689A4202
:1048500001D018B010BD012307A8079302F0C6FFCE
:1048600010BB184B18481A6E42F480421A661A6E32
:1048700002F480420092009ADA6C9FED0D7B42F0C8
:104880000402DA64DB6C8DED027B9FED0B7B03F0A1
:104890000403019302A907238DED047B019A06937B
:1048A00002F036F918B010BDFFF7E6FDD9E700BFFA
:1048B00030000000020000000000000000000000C6
:1048C00000380140001002400008004810B50446BE
:1048D00092B04422002101A804F0FAFE0D4B226898
:1048E0009A4201D012B010BD4FF4005301A80193B9
:1048F00002F07CFF58B9084B9A6D42F400029A65A9
:104900009B6D03F400030093009B12B010BDFFF7F2
:10491000B3FDF0E7005C004000100240FEE700BF7E
:10492000FEE700BFFEE700BFFEE700BFFEE700BFF7
:10493000704700BF704700BF704700BF00F0BCB8B1
:10494000014800F059BA00BFB06E002070B5161EC5
:1049500007DD0C468D19AFF3008004F8010BA5426A
:10496000F9D1304670BD00BF70B5161E07DD0C468C
:104970008D1914F8010BFDF79BFBA542F9D13046C8
:1049800070BD00BF4FF0FF30704700BF4FF40053C1
:104990004B600020704700BF012070470020704727
:1049A0000C490D4A0B6810B50C4C121B2BB1184466
:1049B000904207D80860184610BD094B0B60184498
:1049C0009042F7D904F0D2FE0C2303604FF0FF337E
:1049D000184610BD1C6F002000800020000400005D
:1049E00070700020034AD2F8883043F47003C2F894
:1049F0008830704700ED00E00D488546FFF7F2FF74
:104A00000C480D490D4A002302E0D458C450043329
:104A1000C4188C42F9D30A4A0A4C002301E01360FF
:104A20000432A242FBD304F0A7FEFDF7E1FBFEE750
:104A30000080002000000020AC0000201CC4000802
:104A4000AC00002070700020FEE7000038B50F4B6E
:104A50001B680BB9012038BD0D494FF47A72054629
:104A6000B2FBF3F30868B0FBF3F001F087FB0446F8
:104A70000028EFD10F2DEDD8024629464FF0FF3028
:104A800001F034FB034B20461D6038BD2800002098
:104A9000240000202C00002010B5032001F014FB9E
:104AA0000F20FFF7D3FF10B10124204610BD0446AC
:104AB000FFF7E4FC204610BD034A04491368096867
:104AC0000B441360704700BF206F002028000020B7
:104AD000014B1868704700BF206F002038B50446AE
:104AE000FFF7F6FF631C054602D0044B1B681C440D
:104AF000FFF7EEFF401BA042FAD338BD280000208C
:104B000030B583B000230193002800F0B180C56D5B
:104B10000446002D00F0AF80226893689D0005D503
:104B2000936823F0204323F03F0393609368D800F9
:104B300019D46B4B6B481B6891689B09A0FB03035E
:104B400021F010419B0921F03F0101335B0041F04E
:104B5000805191600193019B2BB1019B013B01931B
:104B6000019B002BF9D19368D90076D4E36D43F013
:104B70001003E365236E012003432366936813F05B
:104B8000040FE36D70D1DB066ED4E36D23F4817303
:104B900043F00203E3659368DD0709D44FF0A043B7
:104BA0009B6813F0010F504B9B6801D1D9077FD54B
:104BB000E568E36B94F824102B43A5682B43657FCD
:104BC000012943EA453343EA01435AD0E16A21B15E
:104BD000256B01F4787129430B43D568434929407B
:104BE0001943D1601369616B23F040630B43136178
:104BF00093681B0722D4D16894F83830257F21F4BC
:104C000080415B0021F0020143EA85330B432169B7
:104C1000D3601369002941D043F480331361D2F883
:104C2000C0306FF30D030B43C2F8C03094F840302E
:104C3000012B45D0136923F0010313616369012B34
:104C400024D0136B23F00F031363E36D23F00303EE
:104C500043F00103E36503B030BD936813F0040F24
:104C60004FF00000E36D8ED0E36D43F01003E36579
:104C7000012003B030BDFFF71BFC256684F85850B7
:104C80004AE7A16A013943EA41439FE7116B236A6E
:104C900021F00F01013B0B431363D6E723F480336C
:104CA0001361D2F8C0306FF30D03C2F8C030BDE716
:104CB0000F4965688B6823F47C132B438B6077E77F
:104CC0001169636CA56C6FF38A012B430B43E16C94
:104CD0000B43216D0B4343F001031361AEE700BFAB
:104CE00024000020632D3E05000100500740F0FF26
:104CF00000030050394A2DE9F04184699768082C77
:104D000005460E4607F01F0714D040F22123FB4052
:104D1000D9070AD4936813F4604F0AD0EB6D43F0BF
:104D20002003EB650120BDE8F0810368DB68DA074A
:104D3000F4D40424FFF7CCFE2A6813681C42804692
:104D400004D1731C2ED113682342FCD0EB6D43F4C5
:104D50000073EB65D36813F4406F0FD16B7F6BB9B1
:104D600013681E070AD5EB6D23F48073EB65EB6DBA
:104D7000D80403D4EB6D43F00103EB65184B9A4262
:104D800018D0082CD3681FD05B0401D40C23136007
:104D90000020BDE8F08116B91368234016D01368CF
:104DA0001C42D3D1FFF794FEA0EB0803B3422A685C
:104DB000F2D8F0E740F22123FB40D907E1D44FF0CD
:104DC000A043082CDB68DFD11460E1E7EA6D85F8C9
:104DD000583042F00402EA650320DAE7000300508D
:104DE000000100500368186C704700BF704700BF97
:104DF000704700BF704700BFF8B503688D4A1D6853
:104E00005E689768A907044607F01F0702D5B20736
:104E100000F19F80690779D5720777D5E26DD206D8
:104E200003D4E26D42F40072E265DA6812F4406F76
:104E30001CD1814A934200F0DD80DA68910415D4D8
:104E40001A68120712D59A68500700F1E1805A6873
:104E500022F00C025A60E36D23F48073E365E36D86
:104E6000D90403D4E36D43F00103E3652046FFF763
:104E7000BDFF23680C221A60AA064DD5B0064BD59B
:104E8000E26DD00603D4E26D42F40052E2656A4955
:104E9000DA6CD8688B4202F4C07268D0D968D2B993
:104EA0008A0100F19F801A68500614D5890212D435
:104EB0009A68120700F1B5805A6822F060025A60C1
:104EC000E36D23F48053E365E36DD80503D4E36D0C
:104ED00043F00103E3652046FBF7E6FF2368602209
:104EE0001A60290601D5320655D4E80501D5F10529
:104EF0005CD4AA0501D5B00541D4E90601D5F20676
:104F00000FD4690501D572055CD4F8BD2807B3D567
:104F1000310783D4AA06B1D46906E2D57206E0D57A
:104F2000AEE7E26B32B1002F6ED0424A926812F4C3
:104F3000604F0BD0E36D43F48063E365236E43F071
:104F4000020323662046FFF755FF236810221A60EC
:104F5000D7E7C36DD80603D4E36D43F40063E3657C
:104F6000204600F073FD236802221A6052E7C12137
:104F7000F940C90792D44FF0A041C9688FE7E36DAB
:104F800043F48023E365204600F05EFD23684FF480
:104F900000721A60B1E7E36D43F48033E3652046A5
:104FA000FFF726FF236880221A609EE7E36D43F433
:104FB0000033E365204600F045FD23684FF480721E
:104FC0001A6096E7E26D42F48042E265226E4FF489
:104FD000806142F00802226620461960BDE8F84070
:104FE00000F02EBD00F4406001F4005202437FF453
:104FF00072AF58E740F22122FA40D0073FF51DAFCB
:105000004FF0A042D26819E7DA68D0079ED591E741
:10501000E36D43F01003E365236E43F00103236661
:1050200024E7E36D43F01003E365236E43F00103CF
:10503000236650E70003005000010050F0B590F8DF
:10504000582083B00346012A4FF00000019000F081
:105050005E811A68012083F858009468640708D5B7
:10506000DA6D42F02002DA65002283F8582003B09E
:10507000F0BD48684FEA901E00F01F0C0EF00C0EB9
:10508000086802F13004C0F3846054F80E501F2603
:1050900000FA0CF006FA0CFC25EA0C0C40EA0C00B5
:1050A00044F80E00906810F0040F906840F09D8066
:1050B00010F0080F08684AD18D68C0F30456072421
:1050C000C00DB440B5F1004F00F004006FEA0404D5
:1050D00000F0408102F11407B5403E5834402C43A3
:1050E0003C50506920F0004050610F69D468086856
:1050F000042F48D0C4F3C104650002F16004B54E2A
:1051000054F827C000F0F8400CEA06060643486948
:10511000A840304340F0004044F827000D698E69F4
:1051200054F8250020F08070304344F825000E69C3
:105130000D7F54F82600A5F10105B5FA85F56D0936
:1051400020F0007040EA456044F826000868946842
:10515000E707064612D4CF689F4CD2F8B05007F04C
:10516000180C24FA0CF4C0F3120C044025EA0C05C8
:105170002C43C2F8B040994CA74279D098490E42CE
:1051800035D1002070E7146E146EC0F31205C4F31D
:105190008464002D40F0E880C0F38466B44200F0DF
:1051A0006681546E556E02F16004C5F3846502F1A8
:1051B000640CB54200F07081A568A56804F1080789
:1051C000C5F38465C0F38466AE4200F03E81E568B5
:1051D000E56804F10C06C5F38464C0F38465A54258
:1051E000B5D1306820F0004030600868AFE77D48F6
:1051F0007D4C8168A64201F0E07516D07B4CA6423A
:1052000013D07B4CA64200F085807A4CA642B8D1E0
:105210004902B6D478498A42B3D0826822F0E0725B
:105220002A4342F480028260ABE70E02A9D4B2F1B5
:10523000A04FA6D16B4971488A6822F0E0722A43D8
:1052400042F400028A6002686D499209A1FB0212D1
:105250009209013202EB420292000192019A002A65
:105260008FD0019A013A0192019A002AF9D188E778
:10527000BCF1000F5DD090FAA0F4002C00F0C280C9
:10528000B4FA84F4013404F01F04092C40F2BA800B
:1052900090FAA0F4002C00F01781B4FA84F40134E1
:1052A000A40604F0F84490FAA0F5002D00F00A815D
:1052B000B5FA85F5013505F01F05012606FA05F555
:1052C0002C4390FAA0F0002800F0FA80B0FA80F0A9
:1052D000013000F01F0000EB40001E38000540F0D8
:1052E00000700443E50D886802F1140605F004051A
:1052F000C4F3045400FA04F74FF0070C70590CFA89
:1053000004F420EA0400384370510E6836E70220A6
:1053100003B0F0BDCC013FF534AF37498A423FF4CA
:1053200030AF826822F0E0722A4342F080728260DD
:1053300027E7800E013000F01F050124800600F0F1
:10534000F840AC40092D44EA000405EB4500C4D800
:105350000005C6E702F1140635582C403450506958
:1053600040F000405061C0E690FAA0F51DB1B5FADA
:1053700085F5AC427BD0546E556E02F16004C5F3E6
:10538000846502F1640C90FAA0F604F10807BE46A9
:1053900026B1B6FA86F6AE4200F08080A568A56810
:1053A000C5F3846590FAA0FC04F10C06B646BCF186
:1053B000000F03D0BCFA8CFCAC4548D0E568E4682B
:1053C000C4F3846490FAA0F5002D3FF4C0AEB5FAA2
:1053D00085F504E700F0FF03FFFF070000007F40B2
:1053E0000000088000030050000021C31000C0909E
:1053F000000052C7000084CB0001005024000020B0
:10540000632D3E0590FAA0F4002C65D0B4FA84F424
:105410000134A40604F0F84490FAA0F5002D59D008
:10542000B5FA85F5013505F01F05012606FA05F5E3
:105430002C4390FAA0F0002849D0B0FA80F0013057
:1054400000F01F0000EB400082E704F10C0E38680A
:1054500020F000403860E0680868E468C0F3120596
:105460007646C4F38464002D3FF4B7AEAAE7106E0D
:10547000144620F0004044F8600F506E0868556EE6
:10548000C0F3120602F1640CC5F38465002E7FF4AC
:105490007AAFC0F384668CE604F1080EDCF80000F5
:1054A00020F00040CCF80000A0680868A568C0F3B0
:1054B00012067746C5F38465002E3FF483AE71E78C
:1054C00007480EE70225FBE64FF08064EBE64FF459
:1054D000401006E70225ABE74FF080649CE700BF71
:1054E000000050FE03689A6812F0040F70B59A68C5
:1054F000044601D116073CD5DA68950104D5A08B86
:1055000040F20112904245D002299A6833D05007E8
:1055100002D59A68920759D5012955D09A68100783
:105520000AD59A68920707D49A6822F0004222F0BE
:105530003F0242F020029A60032945D10C25FFF773
:10554000C7FA236806469B681D4212D0FFF7C0FACF
:10555000801B05282368F6D99A682A42F3D0E36DA8
:1055600043F01003E365236E43F00103236601203B
:1055700070BD002070BD16070AD59A68950707D43C
:105580009A6822F0004222F03F0242F020029A6024
:105590000825D4E71A68500606D4114A01E0013AFA
:1055A000DDD019684906FAD540221A609A68560774
:1055B0000AD59A68950707D49A6822F0004222F02B
:1055C0003F0242F010029A600425B8E79A6822F080
:1055D000004222F03F0242F010029A609CE700BFB6
:1055E000000040A370B582B00022036801929A685F
:1055F000D2072CD49968284A114205462AD19A68C4
:10560000264922F0004222F03F0242F001029A6055
:105610008B681E0229D4FFF75BFA2B681A68D4073F
:10562000064614D41E4C9A68D00704D49A682240C7
:1056300042F001029A60FFF74BFA821B022A2B68A4
:1056400002D91A68D10705D51A68D207EBD5002010
:1056500002B070BDEB6D43F01003EB652B6E0120C3
:1056600043F001032B6602B070BD0E4B0E4A1B685F
:105670009B09A2FB03239B09013303EB43039B001C
:105680000193019B002BC6D0019B013B0193019B21
:10569000002BF9D1BFE700BF3F000080000300509E
:1056A000C0FFFF7F24000020632D3E05324A0368BF
:1056B00070B596689D6815F0040541D190F8583092
:1056C000012B04463CD0012380F85830FFF78AFFB5
:1056D000002837D1E36D226823F4706323F00103BF
:1056E00043F48073E365254B9A4206F01F062CD0E5
:1056F0001146E36D23F48013E365E36D13F48053E7
:105700001CBF236E23F0060323661C2313608A420A
:105710004FF0000384F858301CD040F22123F340AE
:10572000DD0717D4E36D43F48013E365CB689B0179
:1057300005D5E36D23F4405343F48053E36570BD16
:10574000022070BD84F8585070BD4FF0A041002E6B
:10575000D3D1CEE7D368990105D5E36D23F4405347
:1057600043F48053E365936823F0004323F03F0341
:1057700043F00403936070BD00030050000100502B
:1057800038B503689A68950702D59B68002038BD34
:105790009A68D407FAD59A6802F00D02012A0446E5
:1057A00009D0E36D43F01003E365236E43F001037A
:1057B0002366012038BD9A6822F0004222F03F02A1
:1057C000032142F002029A601960FFF781F9236811
:1057D0009B68D907054603D4D8E79B68DB07D5D576
:1057E000FFF776F9401B02282368F6D99A68D2079A
:1057F000F3D5D6E790F85830012B1ED0012310B511
:10580000032180F858300446FFF76CFE20B10023D6
:1058100084F85830012010BD2046FFF7B1FF002862
:10582000F5D1E36D23F4885323F0010343F0010322
:10583000E365002384F8583010BD0220704700BF94
:1058400030B590F8583083B00022012B01923FD040
:10585000012380F8583004460D46FFF791FFE36DB1
:10586000E8B923F4885323F00203226843F00203CB
:10587000E365936823F0404305F0804123F03F0344
:105880000B4343F00043936093681349002B0EDBF6
:10589000E36D23F0030343F00103E36502E043F00B
:1058A0001003E365002384F8583003B030BD019B3A
:1058B00001330193019B8B42E6D9E36D23F0120380
:1058C000002243F01003E36584F858200120ECE740
:1058D000022003B030BD00BF01DE040038B53E4AEF
:1058E000036895689A68140755D4DA68DB6C13F47A
:1058F000C07F044651D094F85830012B4BD001237F
:1059000084F858302046FFF76DFE00284DD1E36D36
:10591000D90549BF236E206623F008032366E26D94
:10592000236822F4405222F0010242F48052E265E0
:105930002A4A934205F01F053BD01946E26D22F436
:105940008012E26560221A60002284F85820DA682A
:10595000920203D55A6842F480625A60A269082A0A
:105960005A6830D022F040025A605A6842F0200251
:105970005A608B4203D0C122EA40D1071ED5DA68B3
:10598000920107D49A6822F0004222F03F0242F0CE
:1059900008029A6038BD022038BD002AABDBC36D17
:1059A00043F020030120E36538BD002384F858301C
:1059B00038BD4FF0A041002DC4D1BFE7E36D43F4E3
:1059C0008013E36538BD22F020025A605A6842F025
:1059D00040025A60CDE700BF0003005000010050B4
:1059E00090F85830012B20D0012310B5022180F807
:1059F00058300446FFF776FD98B923685A6822F4B8
:105A00008C625A609B685B0711D42046FFF7B8FE92
:105A100038B9E36D23F4885323F0010343F0010305
:105A2000E365002384F8583010BD02207047E36D11
:105A300023F48053E365002384F8583010BD00BF81
:105A4000704700BF704700BF704700BF704700BF7E
:105A50002DE9F04190F8583082B00022012B0192DC
:105A600000F0A8818446012380F85830DCF8144007
:105A7000DCF80030D1E90020002C72D00C6A012C37
:105A80006FD0DCF8686000F01F00C2F384658540C9
:105A9000002E40F01581886A013C002800F0138236
:105AA000CE6A00F07C00204330432843CCE919043F
:105AB0009868070710D491F8260091F82540400512
:105AC000002C40F0F280DC6891F8245024F440145B
:105AD00040EA05502043D860986810F0040057D081
:105AE000986800209C68E50713D4CE68B34CD3F8BF
:105AF000B05006F01807FC40C2F31207144025EA24
:105B0000070E44EA0E04C3F8B040AD4CA64200F0C4
:105B1000F580AC490A421ED0AB4DAC4CA968A242FC
:105B200001F0E07600F09B80A94CA24200F0978043
:105B3000A84CA24200F05C81A74CA2420BD14A02C1
:105B400009D4A64A934206D0AB6823F0E0733343EE
:105B500043F48003AB6000238CF8583002B0BDE8FA
:105B6000F0810928A4D1886A540C04F4785420B137
:105B7000CD6A00F07C0028430443D86C984D28403F
:105B80002043D8649868CCF864400707A4D492E70F
:105B90009C682607A6D48C6A91F82500002C40F05A
:105BA000A4800128D86800F0908120F00070D860AF
:105BB000002091F83040012C00F07A811C6924F01B
:105BC00002041C618D68C2F304560724D20DB44050
:105BD000B5F1004F02F004026FEA040400F05E81A8
:105BE00003F11407B540BE5834402C43BC505A69E9
:105BF00022F000425A610F69DC680A68042F00F045
:105C00000681C4F3C104660003F16004754D54F8C5
:105C100027E002F0F8420EEA05052A434D69B54037
:105C2000154345F0004544F827500E698D6954F836
:105C3000262022F080722A4344F826200E690D7F28
:105C400054F82620A5F10105B5FA85F56D0922F075
:105C5000007242EA456244F826200A6842E70C02D4
:105C60003FF579AFB3F1A04F7FF475AF564A5E4967
:105C7000936823F0E073334343F4000393600B68AD
:105C80005A4A9B09A2FB03239B0903EB43039B0096
:105C900018330193019B002B3FF45DAF019B013B47
:105CA0000193019B002BF9D155E7DC6824F44014E3
:105CB0002043D860986810F004003FF469AF0FE704
:105CC000DCF86440013E2C43CCF86860CCF86440BA
:105CD000002E7FF4EDAED86C414D28402043D864AF
:105CE000986807073FF5F8AEE5E6CC6A002C3FF46C
:105CF00058AF012800F03181D86856E747BB940EB1
:105D0000013404F01F050122A406AA4004F0F8445F
:105D1000092D44EA020405EB450249D91E3A120551
:105D200042F000721443E50D8A6805F0040503F1A2
:105D30001406C4F3045402FA04F74FF0070E725924
:105D40000EFA04F422EA04023A4372510A68E0E6C9
:105D500092FAA2F43CB1B4FA84F4013404F01F04C2
:105D6000092C00F2D78092FAA2F4002C00F04181B5
:105D7000B4FA84F40134A40604F0F84492FAA2F5CB
:105D8000002D00F03481B5FA85F5013505F01F05C9
:105D9000012606FA05F52C4392FAA2F2002A00F039
:105DA0002381B2FA82F2013202F01F0202EB4202B8
:105DB0001205B7E7022002B0BDE8F081FFFF07003F
:105DC00000007F400000088000030050000021C355
:105DD0001000C090000052C7000084CB00010050AA
:105DE0000040100400F0FF0324000020632D3E0556
:105DF000C9013FF5B0AE804A93423FF4ACAEAB6808
:105E000023F0E073334343F08073AB60A3E61C6E72
:105E10001C6EC2F31205C4F38464002D59D092FAAB
:105E2000A2F525B1B5FA85F5AC4200F0AE805C6E06
:105E30005D6E03F16004C5F3846503F1640E92FAAC
:105E4000A2F604F10807B84626B1B6FA86F6AE42C5
:105E500000F0B280A568A568C5F3846592FAA2FE39
:105E600004F10C06B046BEF1000F03D0BEFA8EFE60
:105E7000AE457BD0E568E468C4F3846492FAA2F589
:105E8000002D3FF42FAEB5FA85F5A5427FF42AAE7A
:105E9000326822F0004232600A6823E603F11406F9
:105EA000B5582C40B4505A6942F000425A61A2E6FB
:105EB000D1E90D461D69344325F4FF752C4344F0A8
:105EC00002041C617EE62046EFE540F00070D860D9
:105ED0006EE6C2F38466B44257D05C6E5D6E03F129
:105EE0006004C5F3846503F1640EB54262D0A56811
:105EF000A56804F10807C5F38465C2F38466AE4261
:105F000032D0E568E56804F10C06C5F38464C2F399
:105F10008465BAE792FAA2F4002C60D0B4FA84F453
:105F20000134A40604F0F84492FAA2F5002D54D0EE
:105F3000B5FA85F5013505F01F05012606FA05F5C8
:105F40002C4392FAA2F2002A4CD0B2FA82F2013229
:105F500002F01F0202EB4202E0E6DCF85C4044F093
:105F60002004CCF85C4024E604F10C083A6822F0E6
:105F700000423A60E2680A68E468C2F312054646E5
:105F8000C4F38464002DC2D078E71A6E1C4622F058
:105F9000004244F8602F5A6E0A685D6EC2F3120622
:105FA000C5F3846503F1640E002E7FF448AFC2F39D
:105FB00084669AE704F10808DEF8002022F0004227
:105FC000CEF80020A2680A68A568C2F31206474608
:105FD000C5F38465002E90D040E70225B0E74FF06E
:105FE0008064A1E7054A9DE64FF440129AE6022537
:105FF000D1E64FF08064C1E600010050000050FE81
:1060000090F85820012A46D0F0B404689CB00346AA
:1060100000220120B4F1A04F189283F85800199281
:1060200008D0D96D83F8582041F02001D9651CB003
:10603000F0BC7047224A906840070BD5A268DA6D21
:1060400042F020020120DA65002283F858201CB0BB
:10605000F0BC7047A0684507F1D40D68EDB1194E4A
:106060004F68B06893F838C020F46040384340EA85
:106070004C30B060A0689268C0070AD4D70708D433
:10608000B268896822F471620D4322F00F02154351
:10609000B5600020D8E7022070470A48816821F4E3
:1060A00060418160A1689268CD07F2D4D407F0D432
:1060B000826822F4716222F00F028260E9E700BF79
:1060C00000010050000300500749CA6803024FF660
:1060D000FF0003F4E0630240134343F0BF6343F463
:1060E0000033CB60704700BF00ED00E01A4BDB6867
:1060F000C3F3022300B5C3F1070EBEF1040F03F191
:10610000040C28BF4FF0040EBCF1060F1BD9A3F1FD
:10611000030C4FF0FF3303FA0CF322EA03024FF0B3
:10612000FF3303FA0EF321EA030303FA0CF31343DC
:106130001B010028DBB209DB00F1604000F5614083
:1061400080F8003300BD00229446E8E7034A00F0DF
:106150000F000244137600BD00ED00E0FCEC00E00F
:10616000002807DB044A4109012300F01F00834097
:1061700042F82130704700BF00E100E00138B0F183
:10618000807F01D30120704710B44FF0E023074C0B
:1061900058614FF0F00C84F823C00022072110460C
:1061A0009A615DF8044B1961704700BF00ED00E093
:1061B000002800F0D98038B590F85C30044603F030
:1061C000FF02002B71D02268936923F010039361C2
:1061D000FEF77EFC054604E0FEF77AFC401B0A2829
:1061E0005AD823689A691107F6D49A6942F00102D5
:1061F0009A61FEF76DFC054604E0FEF769FC401B62
:106200000A2849D823689A69D207F6D59A69594964
:1062100042F002028B429A6100F0A180227C012AA6
:106220009A690CBF22F0400242F040029A61627CFF
:10623000012A9A690CBF42F4804222F480429A619A
:10624000A27C012A9A690CBF22F4805242F4805247
:106250009A619A69A068E16822F4407202439A61E7
:106260009A6922F0A4029A611A69012922F01002A7
:106270001A611FD011B302299A6977D042F08002C7
:106280009A611A69032942F010021A6116D19A69BB
:1062900042F020029A6111E0236E032243F00103D1
:1062A000236684F85C20012038BD80F85D20FEF76D
:1062B0004FF988E79A6942F004029A61D4E906121C
:1062C000013A0139120242EA4162216A01390A4364
:1062D0006169013942EA0142B0F5407FDA610ED1CD
:1062E000D4E90B02A16A013A01381201013942EAEC
:1062F00000220A43616A013942EA0142DA60D3F8B6
:10630000C020E06B616BA56B0243C3F8C020D3F8DB
:1063100080201948206422F4F81242EA0142C3F8AE
:106320008020D3F880201549616422F0706242EA2F
:106330000562C3F88020124B124A4031C4E912139F
:10634000F033C4E9142300214FF4547203F0C0F970
:1063500000200123206684F85C30A06538BD0A4A1D
:106360006168C2F8001559E70120704742F0200229
:106370009A61A3E70064004000A4004070A40040BC
:1063800088A5004060A600400060004090F85C20B6
:10639000013A012A034605D9026E42F002020120A9
:1063A0001A66704770B48A684869D1E90354D1E924
:1063B0000061920756B942EAC56202431B6C42EA89
:1063C0000442002070BC43F8212070475B6C44EA13
:1063D000457443F8314003EBC1031043586070BC6F
:1063E00000207047844690F85C00012807D0DCF854
:1063F000603043F004030120CCF86030704710B4E3
:106400000198DCF8004040EA4303D4F8800043EAF6
:10641000820242EA011120F03F030B43C4F88030AE
:1064200000205DF8044B704790F85C20012A034679
:1064300005D0026E42F0040201201A66704700681F
:10644000022283F85C208269002122F0010282612D
:1064500008461966704700BFF0B590F85C30022B13
:1064600086460BD10568D5F8C43013F4001C0BD058
:10647000036E43F4007303660120F0BD036E43F026
:10648000080303660120F0BDD5F8C4604B680F69AE
:1064900088680C68C6F30146002B37D1074347EAEA
:1064A0008447D1E9060303434869CC680343086A7B
:1064B00043EA006343EA0443DEF8540006EBC604F3
:1064C00040F8347000EBC400134C4360CB68E35CCD
:1064D000A3B19378D7781B0443EA076317783B434B
:1064E000577843EA07230CEB00070CF1040CBB6060
:1064F000CB68E35C9C4502F10402EAD30123B3407C
:10650000C5F8CC300020CEF85830F0BD2743074303
:1065100047F08047C5E700BFD0BF00082DE9F04134
:1065200090F85C40022C64D1402905686DD0D5F804
:106530009840270764D0D5F89870D5F89840E601C0
:10654000C7F3012807D5D5F88040E40544BF08F11A
:10655000010707F00308C46C08EBC80604EBC60487
:10656000266806F080465660D4F800C0002E66D13A
:10657000CCF38A461660266806F0005696602668B8
:1065800006F000461661A688D661B4F806C00CF085
:106590000F0CC2F80CC0666806F480165661666877
:1065A00006F400169661E67906F07F061662274E1D
:1065B000676816F80CE04FEAD77CC2F824C0BEF139
:1065C000000F10D0013B04F1070EF4461EF8015FE6
:1065D00003F8015FD568ACF1060C755DACEB040CFB
:1065E0006545F2D8056840292CD0C5F89C8000206C
:1065F00004E0036E43F0080303660120BDE8F08168
:10660000036E43F480730366F7E7D5F890402707DD
:10661000F6D0D5F89070D5F89040E601C7F3012880
:1066200007D5D5F88040A40544BF08F1010707F05D
:106630000308846C08EBC80604EBC60490E72CF052
:10664000604697E7C5F89480D1E700BFD0BF000847
:10665000036840290CBFD3F89000D3F8980000F0ED
:106660000F0070470368D3F8C40000F007007047BC
:10667000064B5A69002A01DB002070470449054A8D
:1066800099609A605869C00F704700BF00200240AF
:1066900023016745AB89EFCD044B5A6942F00042B4
:1066A0005A615869C043C00F704700BF00200240C4
:1066B000064B586910F0804006D00549054AD9605C
:1066C000DA605869C0F38070704700BF0020024054
:1066D0003B2A19087F6E5D4C054B5A6942F0804297
:1066E0005A61586980F08040C0F38070704700BFE5
:1066F0000020024070B50546FEF7EAF90F4E044649
:1067000004E0FEF7E5F9001BA8420ED83369DA036E
:10671000F7D433694CF2FA32134008D13369DB07FE
:1067200044BF01233361002070BD032070BD0449C4
:106730004A681A434A600120336170BD002002405C
:1067400030000020044A536943F000634FF47A702C
:106750005361FFF7CFBF00BF002002402DE9F8438F
:10676000A74E3378012B00F0648101253570036852
:10677000002213EA05070446726040F002819D077B
:1067800000F1F68058076BD4190708D49A063BD459
:10679000DB065BD4002333703846BDE8F883D4E9C8
:1067A0000885A845F2D04FF47A70D4F81C90FFF712
:1067B000A1FF002840F00C8119F0010F0FD0914982
:1067C000914A4B6A08F17848134043EAD8034B6278
:1067D0008B6A05F17845134043EAD5038B62894AF9
:1067E000916A4B4661F31E039362536943F400338D
:1067F00053614FF47A70FFF77DFF2368002818BFBC
:1068000047F001079A06C3D54FF47A70D4E90B58C4
:10681000FFF770FF002840F0D880012D06D1794A9B
:10682000136F23F07F0343EA08031367754A536924
:1068300043F4003353614FF47A70FFF75BFF236832
:10684000002818BF47F00107DB06A3D54FF47A7084
:10685000A46AFFF74FFF002800F0D880012799E7CE
:106860004FF47A70D4E90558FFF744FF002840F050
:10687000A98015F001031ABF08F4E0634FF4E06249
:106880001A46A90704D508F4805142F480520B43FC
:10689000680704D508F4005142F400520B43E904A0
:1068A00004D508F4804142F480420B43280704D504
:1068B00008F4803142F480320B43E90604D508F431
:1068C000003142F400320B43A80604D508F48021BD
:1068D00042F480220B43690604D508F4002142F4F7
:1068E00000220B43A80504D508F4000142F400027D
:1068F0000B43690504D508F0807142F080720B43A8
:10690000280504D508F0007142F000720B43A90479
:1069100004D508F0806142F080620B43680404D51E
:1069200008F0006142F000620B43290404D508F02E
:10693000405142F040520B43E80305D508F080482F
:1069400043EA080342F080422E4D296A21EA0202FE
:1069500013432B626B6943F400336B614FF47A701D
:10696000FFF7C8FE2368002818BF47F001070BE7B0
:106970004FF47A702569FFF7BDFE60B323680127E5
:1069800000E7D0E901874FF47A70D4F80C90FFF754
:10699000B1FEA0B9B8F1000F4FD11A4B47EA094731
:1069A000DF62184A536943F4003353614FF47A703D
:1069B000FFF7A0FE071E236818BF0127DFE6236844
:1069C0002F46DCE623680127DEE623680127DFE6A1
:1069D00023680127DAE60B4A136A23F0FF032B43EF
:1069E0001362536943F4003353614FF47A70FFF735
:1069F00081FE2368002818BF47F00107C2E600BFE8
:106A0000300000200020024000C0FFFF0F4A136F3B
:106A100023F4803323431367536943F400334FF463
:106A20007A705361FFF766FE002818BF47F0010730
:106A3000B0E602273846BDE8F883B8F1010FB0D1BF
:106A4000024B47EA09471F63ABE700BF0020024043
:106A500042680623012A10B4036027D91A462A4B3C
:106A60001B6ADBB2AA2B03D0CC2B0CBFCC23BB23DD
:106A7000254903610B6A23F0FF038361C369012B7E
:106A800022D042F01003204903600B6F03F48033DF
:106A90008362C36A012B06D142F0300202600B6FA1
:106AA00003F07F0303635DF8044B70470723036023
:106AB00002BB154AD36A03F03F038360D36AC3F372
:106AC0000543C3600722CAE74C6A104B03EAC404BB
:106AD00004F1006404628C6A03EAC40303F10063F6
:106AE00043628B6A03F0004343F0010342F0080263
:106AF000C361C6E7044A136B03F03F038360136B63
:106B0000C3F30543C360DDE700200240F8FF010046
:106B10002DE9F04F0C6885B0002C00F09080744F88
:106B200000238946012202FA03F515EA040800F061
:106B30008180D9F8041001F0030E032603FA02F253
:106B40000EF1FF3A06FA02FCBAF1010FD9F808601B
:106B50006FEA0C0C76D9BEF1030F01D1012E05D0DE
:106B6000C568964005EA0C052E43C66005680EFA16
:106B700002F205EA0C052A4311F4403F026059D0A5
:106B80005C4D2A6E42F001022A662A6E02F0010272
:106B90000392039A23F0030202F1804202F580324D
:106BA00003F003069568B6004FF00F0C0CFA06FCD4
:106BB000B0F1904F25EA0C0E1CD04F4DA84200F0CA
:106BC00082804E4DA84200F08580DFF834C16045D8
:106BD00072D0DFF830C1604500F08380DFF828C153
:106BE00060450CBF4FF0050C4FF0060C0CFA06F692
:106BF0004EEA060EC2F808E0BA686FEA0805CE024F
:106C000054BF2A4048EA0202BA60FA688E0254BFB2
:106C10002A4048EA0202FA607A688E0354BF2A408A
:106C200048EA02027A603A68C90354BF2A4048EA37
:106C300002023A60013334FA03F27FF473AF05B015
:106C4000BDE8F08F9640D0F808B00196D9F80C60F6
:106C50000BEA0C0B06FA02FA4AEA0B0AC0F808A083
:106C6000D0F804A0019E2AEA050AC1F300159D4050
:106C700045EA0A054560C56805EA0C052E43BEF1E4
:106C8000020FC6607FF472AFD9F810504FEAD30AF2
:106C900003F0070600EB8A0AB600B540DAF820B028
:106CA00001950F2505FA06F6019D2BEA060B45EA2C
:106CB0000B05CAF8205059E74FF0030C0CFA06F602
:106CC0004EEA060E96E74FF0010C0CFA06F64EEA75
:106CD000060E8FE74FF0020C0CFA06F64EEA060E8F
:106CE00088E74FF0040C0CFA06F64EEA060E81E730
:106CF0000004014000100240000400480008004861
:106D0000000C0048001000480014004800690840CA
:106D1000003818BF012070470AB181617047816255
:106D2000704700BF436901EA030221EA030141EA17
:106D300002418161704700BF002854D010B590F81F
:106D40004130044603F0FF02002B47D02368242281
:106D500084F841201968626821F0010122F0706214
:106D600019601A619A68E16822F4004201299A6068
:106D7000A26809D042F4044202299A6007D15A68F5
:106D800042F400625A6006E042F400429A605A6897
:106D900022F400625A605968226941F0007141F49E
:106DA000004159606169D8680A43A16920F4004034
:106DB00042EA0122E169D860206ADA600143196081
:106DC000196841F00101196000222023626484F8EF
:106DD0004130226384F84220104610BD80F84020E4
:106DE000FDF70AFCB2E70120704700BF90F8412090
:106DF000202A22D15FFA82FC90F84020012A034623
:106E00001BD00268242000B583F84100106820F0F0
:106E100001001060106820F4805010601068014379
:106E2000116011684FF0000E41F00101116083F80C
:106E300041C083F840E0704600BD0220704700BFAB
:106E400090F84120202A21D100B55FFA82FE90F807
:106E50004020012A03461BD00268242083F8410009
:106E6000106820F001001060106820F4706040EAA3
:106E70000121116011684FF0000C41F00101116017
:106E800083F841E083F840C0604600BD02207047AF
:106E9000022000BD002844D070B590F8913206461B
:106EA00003F0FF02C3B30323306886F8913202F087
:106EB000E7F93579FDB100213346324601200C4611
:106EC00011740131A942C2E908445074D47442F8E3
:106ED000284FF5D100210A4683F850110131A9420B
:106EE000C3E9582283F8512183F85321C3F868215C
:106EF00003F12803F0D1334653F8040B93E806005E
:106F000002F0C8F9B37A012200219342317386F866
:106F1000912208D0002070BD80F89022FDF7D6FCA9
:106F2000C1E701207047304600F002F8002070BD34
:106F300002460020116810B482F8C802B1F854303B
:106F400001249BB22343C2F8D042A1F85430B1F8D7
:106F500054305DF8044B9BB243F00203A1F8543067
:106F6000704700BF354A136860B903F4C063B3F5D6
:106F7000806FD2F880301CD023F48073C2F8803048
:106F800000207047B0F5007F06D023F4C06343F4BF
:106F9000806313600020704703F4C063B3F5806F13
:106FA000D2F880302AD043F48073C2F880300020B9
:106FB000704723F48073C2F8803013682048214959
:106FC00023F4C06343F4007313600368322000FBB2
:106FD00003F35069A1FB03139B0C400503F101036C
:106FE00006D55169490503F1FF3301D5002BF8D1CE
:106FF000124B5B695B05CDD50320704743F480736A
:10700000C2F8803013680E480E4923F4C06343F47D
:10701000007313600368322000FB03F35069A1FB87
:1070200003139B0C400503F10103E1D551694905A8
:1070300003F1FF33DCD5002BF8D1D9E70070004015
:107040002400002083DE1B43024A936843F48043FC
:107050009360704700700040002800F039822DE9ED
:10706000F0410368D90782B004462DD5A5498A6846
:10707000C96802F00C020C2A00F00281082A00F014
:1070800004816368B3F5803F00F02981B3F5A02F38
:1070900000F092819B4D2A6822F480322A602A688F
:1070A00022F480222A60002B40F01E81FDF710FDA3
:1070B000064605E0FDF70CFD801B642800F23981CF
:1070C0002B689903F6D423689A0728D58D4A9368CC
:1070D000D26803F00C030C2B00F0E280042B00F0CC
:1070E000E480E368874D002B00F014812B6843F4A3
:1070F00080732B60FDF7ECFC064605E0FDF7E8FC2D
:10710000801B022800F215812B685F05F6D56B689D
:10711000226923F0FE4343EA02636B6023681A0787
:1071200019D56369774D002B00F09680D5F894301F
:1071300043F00103C5F89430FDF7CAFC064605E0AC
:10714000FDF7C6FC801B022800F2F380D5F89430CE
:107150009B07F5D523685D0741D56A4B9A6DD00032
:1071600000F1EB809A6D42F080529A659B6D03F0BE
:1071700080530193019B0125634E3368D90540F18B
:107180000A81A368012B00F0DA80052B00F05E81F4
:107190005C4ED6F8902022F00102C6F89020D6F876
:1071A000902022F00402C6F89020002B40F0CE8000
:1071B000FDF78EFC41F28838074605E0FDF788FCB4
:1071C000C01B404500F2B580D6F890309907F5D441
:1071D00025B14C4A936D23F08053936523689A063A
:1071E00018D5A369474D002B00F0C180D5F8983021
:1071F00043F00103C5F89830FDF76AFC064605E048
:10720000FDF766FC801B022800F29380D5F89830C9
:107210009B07F5D5E369EBB13A4DAA6802F00C0281
:107220000C2A00F02181022B2B6823F080732B6045
:1072300000F0CF80FDF74CFC044604E0FDF748FC6D
:10724000001B022875D82B689B01F7D4EA682F4BE6
:107250001340EB6000206DE0D5F8943023F001037B
:10726000C5F89430FDF734FC064604E0FDF730FC29
:10727000801B02285DD8D5F894309F07F6D469E7C3
:1072800001F0030103297FF4FCAE1E4A1268920349
:107290007FF51AAF6268002A7FF416AF012049E03B
:1072A00002F00302022A7FF41CAF164B1B685B0539
:1072B00002D5E368002BF1D0124A206953681449C3
:1072C00023F0FE4343EA006353600868FDF7BEFB0A
:1072D0000028E3D123681A077FF53DAF21E7094A6B
:1072E000136843F480331360FDF7F2FB054E054647
:1072F00004E0FDF7EDFB401B64281AD833689F03B8
:10730000F7D5E0E60010024000700040FCFFEEFE02
:107310002C0000202B6823F480732B60FDF7D8FB32
:1073200006462B685905D5D5FDF7D2FB801B0228F0
:10733000F7D9032002B0BDE8F08100251CE7654ABB
:10734000D2F8903043F00103C2F89030FDF7C0FB53
:10735000604F064641F2883804E0FDF7B9FB801B18
:107360004045E6D8D7F890309B07F6D530E7D5F8FA
:10737000983023F00103C5F89830FDF7A9FB0646C5
:1073800004E0FDF7A5FB801B0228D2D8D5F8983081
:107390009F07F6D43EE7336843F480733360FDF70C
:1073A00097FB07463368DA053FF5EBAEFDF790FB38
:1073B000C01B0228F6D9BCE703F18043A3F53C3398
:1073C0001A6842F480221A601A6842F480321A6005
:1073D0008AE7FDF77DFB064604E0FDF779FB801B9D
:1073E0000228A6D82B689901F7D4E9683A4B226A9B
:1073F000606A0B401343D4E90A1243EA012343EACB
:10740000C263D4E90C120138490843EA0013013978
:10741000520843EA4153013A43EA4263EB602B6866
:1074200043F080732B60EB6843F08073EB60FDF7F3
:107430004FFB284D044605E0FDF74AFB001B0228E0
:107440003FF677AF2B689A01F6D503E7214BD3F8C7
:10745000902042F00402C3F89020D3F8902042F02C
:107460000102C3F8902071E7012B3FF417AFEB68DE
:10747000226A03F0030191427FF410AF616A03F0C6
:10748000F0020139B2EB011F7FF408AFA16A03F4E7
:10749000FE42B2EB012F7FF401AFE16A03F07842C4
:1074A000B2EBC16F7FF4FAAE226B520803F4C00155
:1074B000013AB1EB425F7FF4F1AE626B520803F028
:1074C000C063013AB3EB426F14BF0120002031E7E3
:1074D00001207047001002400C809F01184B9A68F1
:1074E00002F00C02042A26D09A6802F00C02082A44
:1074F00023D09A6802F00C020C2A01D000207047B9
:10750000D968DA68D86801F003010329C2F30312CD
:10751000C0F306200CBF0B4B0B4B0132B3FBF2F355
:1075200003FB00F0064BDB68C3F3416301335B00F0
:10753000B0FBF3F07047044870470248704700BF43
:107540000010024000127A000024F400002800F02D
:10755000EE80784A2DE9F843136803F00F038B425D
:107560000D4604460CD2136823F00F030B4313603F
:10757000136803F00F038B4202D00120BDE8F883AB
:107580002368DF0769D56768032F00F0A0806A4B86
:10759000022F1B6800F097805B05EED5FFF79EFF7A
:1075A000664B984240F2C080634A936823F0F00330
:1075B00043F0800393604FF080095F4EB36823F07F
:1075C00003033B43B360FDF783FA41F28838074673
:1075D00004E0FDF77DFAC01B404571D8B3686268CE
:1075E00003F00C03B3EB820FF3D123689F0736D46B
:1075F000B9F1000F03D0B36823F0F003B3604D4E30
:10760000336803F00F03AB4246D823685A0706D508
:107610004949E0688A6822F4E06202438A601B07F5
:1076200007D5454A2169936823F4605343EAC103AF
:107630009360FFF753FF404A414C92684149C2F3BF
:1076400003120346A25C404802F01F02D3400B60C5
:107650000068BDE8F843FDF7F9B99E07CFD5580794
:1076600004D535498A6842F4E0628A60190706D574
:10767000314A936823F47C5343F4E06393602E4AC9
:10768000A16893682B4E23F0F0030B43936033689B
:1076900003F00F03AB42B8D9336823F00F032B4339
:1076A0003360FDF715FA41F288380746336803F076
:1076B0000F03AB42A9D0FDF70BFAC01B4045F5D92B
:1076C0000320BDE8F8839A033FF568AF55E71A4AEF
:1076D000116888017FF551AFD068D168D268174E24
:1076E00000F003000328C1F303110CBF174818482A
:1076F0000131B0FBF1F11048C2F3062201FB02F2A6
:10770000C168C1F3416101314900B2FBF1F2B242FB
:107710000AD9826812F0F00F3FF446AF990703D5FB
:10772000A368002B3FF440AF4FF0000945E701206C
:10773000704700BF002002400010024000B4C404A3
:10774000C0BF0008240000202C00002000127A0096
:107750000024F400014B1868704700BF240000208B
:10776000054B064A9B680649C3F302230868D35CAD
:1077700003F01F03D840704700100240B8BF000854
:1077800024000020054B064A9B680649C3F3C22328
:107790000868D35C03F01F03D84070470010024014
:1077A000B8BF0008240000200E4B0F2210B4026066
:1077B0009A680D4C02F0030242609A6802F0F002EF
:1077C00082609A6802F4E062C2609B68DB0803F49E
:1077D000E063036123685DF8044B03F00F030B6063
:1077E000704700BF00100240002002402DE9F04128
:1077F0000368044613F4002082B042D0A14B9A6D76
:10780000D50040F1F88000279F4D2B6843F480732A
:107810002B60FDF75DF9064605E0FDF759F9831B7E
:10782000022B00F2F3802B68D805F6D5954D226C1B
:10783000D5F8903013F4407316D0934214D0D5F895
:107840009010D5F8903043F48033C5F89030D5F8D7
:10785000903023F48033C5F8903021F44073C90789
:10786000C5F8903000F1FD808649D1F8903023F4BE
:1078700040731343C1F8903023680020002F40F07C
:10788000CA80DE0708D57F496568D1F8882022F0D4
:1078900003022A43C1F888209D0708D57949A568C5
:1078A000D1F8882022F00C022A43C1F88820590719
:1078B00008D57449E568D1F8882022F030022A43BF
:1078C000C1F888201A0708D56E492569D1F88820A3
:1078D00022F0C0022A43C1F888209F0608D56949D2
:1078E0006569D1F8882022F440622A43C1F88820D3
:1078F0005E0608D56349A569D1F8882022F4405274
:107900002A43C1F888201D0608D55E49E569D1F8EB
:10791000882022F440422A43C1F88820D90508D59E
:107920005849256AD1F8882022F440322A43C1F808
:1079300088209A0508D55349656AD1F8882022F431
:1079400040222A43C1F888205F050BD54D49A56A1E
:10795000D1F8882022F440122A43B5F5801FC1F8DF
:1079600088205ED01E050BD54649E56AD1F88820EF
:1079700022F440022A43B5F5800FC1F8882055D083
:10798000DD040BD53F49256BD1F8882022F04072E9
:107990002A43B5F1807FC1F888204CD099040BD5DB
:1079A0003849656BD1F8882022F040622A43B5F14E
:1079B000006FC1F8882043D05A040BD53149A56B1C
:1079C000D1F8882022F040622A43B5F1006FC1F857
:1079D00088203AD01B040BD52A4AE16BD2F88830B4
:1079E00023F040530B43B1F1805FC2F8883031D0AF
:1079F00002B0BDE8F0819A6D42F080529A659B6DAD
:107A000003F080530193019B0127FDE623680320C7
:107A1000002F3FF436AF1B498A6D22F080528A65F1
:107A20002FE7CA6842F48012CA609BE7CA6842F432
:107A30008012CA60A4E7CA6842F48012CA60ADE747
:107A4000CA6842F48012CA60B6E7CA6842F480127B
:107A5000CA60BFE7D36843F48033D36002B0BDE8A7
:107A6000F081FDF735F841F28838064604E0FDF76D
:107A70002FF8801B4045C9D8D5F890309B07F6D524
:107A8000226CF1E60010024000700040F0B583B0B7
:107A90000D4614460646FDF71BF82C44241AFDF744
:107AA00017F8274B1B68C3F3CB3304FB03F30746DC
:107AB000019332689368190604D56B1C05D193684D
:107AC0001C06FCD4002003B0F0BDFDF701F8C01B7C
:107AD000844207D9019B13BB32681C469368180681
:107AE000F3D4EFE7D6E900315A68B1F5827F22F08E
:107AF000E0025A6017D0B26AB2F5005F07D11A6887
:107B000022F400521A601A6842F400521A600122EC
:107B1000002386F85D2086F85C300320D3E7019BC4
:107B2000013B0193C5E7B268B2F5004F02D0B2F550
:107B3000806FE0D11A6822F040021A60DBE700BFD4
:107B4000240000202DE9F04782B000241D4617468E
:107B5000064688468DF80340FCF7BAFF3D442D1ACF
:107B6000FCF7B6FF314BD6F800A01B6803EB83038C
:107B7000C3EBC3031B0D05FB03F38146019354467E
:107B8000A36818EA030F08D0B8F5C06F0DD07B1CAE
:107B900014D1A36813F4C05FFBD1002002B0BDE88C
:107BA000F087A36813F4C06FF7D09AF80C30DBB2FB
:107BB0008DF803307A1C9DF80330F2D0FCF788FF73
:107BC000A0EB0900A842346803D2019BEBB91D4623
:107BD000D6E76368726823F0E003B2F5827F6360E2
:107BE00017D0B36AB3F5005F07D1236823F40053BD
:107BF0002360236843F4005323600122002386F8A6
:107C00005D2086F85C300320C8E7019B013B0193AF
:107C1000B6E7B368B3F5004F02D0B3F5806FE0D19B
:107C2000236823F040032360DBE700BF240000202B
:107C300070B513460D4616460A464FF4C051044629
:107C4000FFF780FF70B9324629462046FFF71EFF36
:107C500040B933462A464FF4C0612046FFF772FF11
:107C600000B970BD236E43F020032366032070BD6E
:107C7000002877D0426A2DE9F0410446002A56D008
:107C80000023C0E9043394F85D300021A16203F0C1
:107C9000FF01002B59D02168E768022384F85D308A
:107CA0000B68B7F5E06F23F040030B6045D853D065
:107CB0004FF480500025A562A368A66902F0100C5D
:107CC000626803F4044302F482721A43236903F0E6
:107CD00002031343626902F001021A43636B07F463
:107CE000706703F0080343EA070EE36903F03808FE
:107CF000236A03F0800706F40073134343EA080382
:107D00003B43360C2B4306F004060B604EEA060399
:107D100043EA0C0303434B60CB69002023F4006368
:107D20000122CB61206684F85D20BDE8F0814368C4
:107D3000B3F5827FA7D0C261A5E7B7F5706F13D105
:107D4000A56A002005F40055B6E784F85C102046CB
:107D5000FCF79EFC626A9EE7A56A4FF4805005F42A
:107D60000055A9E7012070470020A3E72DE9F8435B
:107D7000044691461F46089E8846FCF7A9FE94F8E3
:107D80005D306268012B054608D0B2F5827F7FD155
:107D9000D9B2A368002B7BD1042979D1B8F1000FA7
:107DA0007ED0B9F1000F7BD0002F79D094F85C30F1
:107DB000012B6DD094F85D30C4F840900121042B64
:107DC00084F85C10E168A4F844701CBF052384F8B3
:107DD0005D300023B1F5E06F2366C4E91333A4F8E6
:107DE00046702368C4F83880A787E7875BD959684D
:107DF00021F4805159601968480603D4196841F08C
:107E000040011960002A00F0A980012F00F0A6802F
:107E10000127E38F9BB22BB9B4F846309BB2002BFD
:107E200000F0C080226893689B070DD5E38F9BB25A
:107E300053B147B1A36B33F8021BD160A363E38F47
:107E4000013B9BB2E3870027936813F001030FD037
:107E5000B4F8461089B259B11F46236CD26823F892
:107E6000022B2364B4F84630013B9BB2A4F84630A1
:107E7000FCF72EFE401BB042CBD3701CC9D00123AF
:107E800084F85D30002384F85C300320BDE8F8837B
:107E90000220BDE8F88320220023226684F85C30AB
:107EA0000120BDE8F883012F00F0A480596821F477
:107EB000805159601968490603D4196841F040019E
:107EC00019606AB9E28F92B2012A40F28880424674
:107ED00032F8021BD960E38FA263023B9BB2E387B7
:107EE0000127E38F9BB223B9B4F846309BB2002B35
:107EF00058D022689368990705D5E38F9BB213B1D8
:107F0000002F41D10027936813F0010319D0B4F872
:107F1000461089B2A9B1B4F84600216C80B201289C
:107F200026D9D06821F8020B2164B4F84610023932
:107F300089B2A4F84610B4F8461089B2012908D9CC
:107F40001F46FCF7C5FD401BB042CAD3731CC8D006
:107F500095E7516841F480515160F1E7424632F8AB
:107F6000021BD960E38FA263013B9BB2E3874FE71B
:107F7000127B0A70226C01322264B4F84620013A66
:107F800092B2A4F84620DBE7E18FA36B89B2012906
:107F90001AD933F8021BD160A363E38F023B9BB273
:107FA000E387AFE72A4631462046FFF741FE002827
:107FB0007FF471AF012384F85D30236E84F85C0098
:107FC000181E18BF012064E71B781373E38FA26BA0
:107FD000013B01329BB2A263E387226892E798F8E3
:107FE00000201A73E38FA26B013B01329BB2A263A4
:107FF000E38775E75A6842F480525A601A6852065D
:108000003FF560AF1A6842F040021A605AE700BFBD
:1080100090F85D00704700BF006E7047036A026A07
:1080200022F0010270B40262446882690D6822F491
:10803000803222F073022A438D6823F002032B431F
:10804000144DA8420FD005F50065A8420BD005F5E8
:108050004065A84207D005F58065A84203D005F524
:108060008065A8420FD1056A25F004050562CD6838
:1080700023F008032B43D1E9056524F4407446EA54
:10808000050C4CEA040449684460826170BC416399
:1080900003627047002C0140036A026A22F4807276
:1080A00070B402624468C2690D6822F4803222F022
:1080B00073022A438D6823F4007343EA0523154DA8
:1080C000A8420FD005F50065A8420BD0124DA8427A
:1080D00011D005F58065A8420DD005F58065A84250
:1080E00011D108E0056A25F480650562CD6823F4A6
:1080F000006343EA0523D1E9056524F4405446EAC8
:10810000050C44EA0C1449684460C26170BCC16348
:1081100003627047002C014000400140036A026A7C
:1081200022F4805270B402624468C2690D6822F081
:10813000807222F4E64242EA05228D6823F400535D
:1081400043EA0533154DA8420FD005F50065A84256
:108150000BD0134DA84211D005F58065A8420DD073
:1081600005F58065A84211D108E0056A25F480452F
:108170000562CD6823F4004343EA0533D1E9056580
:1081800024F4404446EA050C44EA8C1449684460EF
:10819000C26170BC01640362704700BF002C0140E3
:1081A00000400140036A026A22F4803230B4026265
:1081B0004468026D0D6822F4803222F070022A4376
:1081C0008D6823F4003343EA05430F4DA8420FD0D6
:1081D00005F50065A8420BD005F54065A84207D01B
:1081E00005F58065A84203D005F58065A84204D155
:1081F0004D6924F4803444EA0524496844600265EA
:1082000030BC816403627047002C0140036A026A3B
:1082100022F4801230B402624468026D0D6822F0CC
:10822000807222F4E04242EA05228D6823F40013B2
:1082300043EA05530F4DA8420FD005F50065A8424B
:108240000BD005F54065A84207D005F58065A8422A
:1082500003D005F58065A84204D14D6924F480243B
:1082600044EA852449684460026530BCC164036205
:10827000704700BF002C014010B4036A046A24F068
:1082800001040462114CA0420FD004F50064A04226
:108290000BD004F54064A04207D004F58064A042EE
:1082A00003D004F58064A04203D1046A24F00404DE
:1082B0000462846923F00A0324F0F00C4CEA0212F1
:1082C000194382615DF8044B01627047002C014044
:1082D00010290AD8DFE801F019090909520909092A
:1082E0005A090909620909096A0090F84330012B0B
:1082F0006DD10B1F0C2B61D8DFE803F04460606088
:108300004C606060546060605C0090F83E30012B0F
:108310005DD1022380F83E30036801F01F01186A26
:1083200001228A4020EA02001862186A2E4902439C
:108330008B421A6246D02D4A934243D002F54062E6
:1083400093423FD002F58062934242D002F58062B0
:1083500093423ED0B3F1804F02D0254A93423DD1A3
:108360009968244A0A40062A06D0B2F5803F03D015
:108370001A6842F001021A600020704790F83F30FE
:10838000012B24D1022380F83F30C5E790F840301C
:10839000012B1CD1022380F84030BDE790F841301A
:1083A000012B14D1022380F84130B5E790F8423018
:1083B000012B0CD1022380F84230ADE7022380F874
:1083C0004330A9E75A6C42F400425A64C8E70120DE
:1083D00070475A6C42F400425A64C9E702F5806261
:1083E0009342BDD0C4E700BF002C014000340140DF
:1083F0000004004007000100704700BFFFF768BF9E
:1084000038B590F83C30012B62D004460222006857
:1084100084F83D20012384F83C308568554A2A4081
:1084200082600A68702A72D019D8502A62D01FD888
:10843000402A40F08C80CA684968FFF71DFF8368B6
:1084400023F4401323F0700343F0470383600020BC
:108450000122002384F83D2084F83C3038BDB2F579
:10846000005F37D028D8B2F5805018BF0120EFE761
:10847000602A79D1036A026A4D68C96822F0100245
:1084800002623D4A90426AD002F50062904266D094
:10849000826923F0A00322F4704243EA051342EA02
:1084A000013282610362836823F4401323F0700376
:1084B00043F067038360CAE730498A423DD036D82B
:1084C000B2F1101F39D010398A4236D00120BFE7EF
:1084D000022038BDD1E901538268C9682B4322F4D8
:1084E0007F4243EA012313438360836843F480435C
:1084F0008360ACE7CA684968FFF7BEFE836823F46F
:10850000401323F0700343F0570383609FE7D1E9E2
:1085100001538268C9682B4322F47F4243EA012356
:1085200013438360836843F0770383608FE71449C4
:108530008A4202D030318A4216D1836823F4401334
:1085400023F07003134343F0070383607FE70BD8E6
:10855000202AF2D00AD832F01003B7D1EDE7026A30
:1085600022F04002026293E7184671E7302AE4D015
:10857000ACE700BF8800CEFF002C014030001000A7
:108580004000100070B4264E4A6903688D680C687C
:10859000B04235D0B0F1804F1CD0A6F59436B04231
:1085A00018D006F58066B04214D006F59636B04273
:1085B00026D01C4EB04227D006F58066B04223D0AC
:1085C00006F58066B0421FD023F08003C5621A43CF
:1085D00084620CE04E68C968C56223F070033343BF
:1085E00023F440730B4323F080031A43846203682F
:1085F000012143F00403036070BC416102607047D5
:108600004E6823F070033343CE68C56223F4407391
:10861000334323F0800384621A430B690363E6E764
:10862000002C01400040014070B310B590F83D307F
:10863000044603F0FF0213B32146022384F83D30C1
:1086400051F8040BFFF79EFF012384F8483084F8AB
:108650003E3084F83F3084F8403084F8413084F86C
:10866000423084F8433084F8443084F8453084F84C
:10867000463084F8473084F83D30002010BD80F843
:108680003C20FCF773F8D7E70120704770B310B5B2
:1086900090F83D30044603F0FF0213B32146022355
:1086A00084F83D3051F8040BFFF76CFF012384F888
:1086B000483084F83E3084F83F3084F8403084F805
:1086C000413084F8423084F8433084F8443084F8F0
:1086D000453084F8463084F8473084F83D30002037
:1086E00010BD80F83C20FFF787FED7E701207047D8
:1086F000036A026A22F0100270B40262446882695E
:108700000D6822F0807222F4E64242EA05228D686A
:1087100023F0200343EA0513154DA8420FD005F5B9
:108720000065A8420BD0134DA84211D005F5806515
:10873000A8420DD005F58065A84211D108E0056A70
:1087400025F040050562CD6823F0800343EA051358
:10875000D1E9056524F4406446EA050C44EA8C043A
:1087600049684460826170BC81630362704700BFE6
:10877000002C01400040014090F83C30012B31D0EA
:1087800010B50446142A0CD8DFE802F0180B0B0BC6
:108790001C0B0B0B200B0B0B240B0B0B280B0B0BCD
:1087A0001000002384F83C30012010BD0068FFF762
:1087B0002DFD002384F83C30002010BD0068FFF739
:1087C0002DFCF6E70068FFF793FFF2E70068FFF77C
:1087D00063FCEEE70068FFF7A1FCEAE70068FFF73B
:1087E000E1FCE6E70220704738B590F83C30012BF9
:1087F0007CD0012304460D4680F83C30142A0CD866
:10880000DFE802F0220B0B0B320B0B0B430B0B0BB5
:10881000530B0B0B640B0B0B10000120002384F88F
:108820003C3038BD0068FFF7F1FC036D2A6943F462
:1088300000630365036D23F480630365036D43EAFE
:10884000022303650020E9E70068FFF7E7FB83697F
:108850002A6943F008038361836923F00403836179
:10886000836913438361EDE70068FFF741FF836984
:108870002A6943F400638361836923F4806383611D
:10888000836943EA02238361DCE70068FFF704FCA5
:10889000C3692A6943F00803C361C36923F0040371
:1088A000C361C3691343C361CCE70068FFF736FCBB
:1088B000C3692A6943F40063C361C36923F4806315
:1088C000C361C36943EA0223C361BBE70068FFF7E2
:1088D00069FC036D2A6943F008030365036D23F007
:1088E00004030365036D13430365ABE7022038BD42
:1088F000002939D190F84430012B41D1022380F86E
:108900004430036801F00F01186A04228A4020EA0B
:1089100002001862186A234902431A625A6C8B4299
:1089200042F400425A6411D0B3F1804F0ED01E4A77
:1089300093420BD002F58062934207D002F5963243
:10894000934203D002F54062934207D19968174AD7
:108950000A40062A06D0B2F5803F03D01A6842F0DA
:1089600001021A600020704704290BD0082911D099
:1089700090F84730012B03D1022380F84730C0E73D
:108980000120704790F84530012BF9D1022380F87F
:108990004530B6E790F84630012BF1D1022380F83C
:1089A0004630AEE7002C0140000400400700010003
:1089B000FFF79EBF90F83C30012B46D070B40246C2
:1089C000234E0068022382F83D30B04243680D68B0
:1089D000846824D006F50066B0422BD023F00073E3
:1089E00023F070032B43B0F1804F43600AD0194B42
:1089F000984207D003F58063984203D003F59C3377
:108A0000984204D18B6824F080041C4384600020C9
:108A1000012382F83D3082F83C0070BC70474E68FC
:108A200023F47003334323F0007323F070032B43CC
:108A30004360E7E74E6823F47003334323F0007389
:108A400023F070031D434560DCE70220704700BF40
:108A5000002C01400004004090F83C30012B45D030
:108A600010B4D1E9024323F440730246234348681B
:108A70000C6823F48063034323F4006308692343F1
:108A800023F480534C69034323F40053086B2343BE
:108A900023F480438C69034323F47023C86943EAB9
:108AA000044323F08053124C03431068A0420BD0C0
:108AB00004F50064A04207D00021436482F83C1012
:108AC00008465DF8044B70478C6A23F4700343EA50
:108AD00004530C6A23F0807323434C6AC96A23F061
:108AE0000073234323F000530B43E5E70220704754
:108AF000002C014010B4026852E8003F23F4907348
:108B000042E800310029F7D1144C02F1080353E880
:108B1000003F234002F1080C4CE800310029F4D159
:108B2000C36E012B08D000232022C0F88C205DF8F2
:108B3000044B4367C366704752E8003F23F01003BD
:108B400042E800310029EED052E8003F23F0100344
:108B500042E800310029EFD1E5E700BFFEFFFFEF5B
:108B60002DE9F8430446D0F8880020285ED18846D5
:108B700009B1164612B90120BDE8F8831F464FF02F
:108B800000092123C4F89090C4F88830FBF7A0FFB7
:108B9000A368A4F85460B3F5805F0546A4F8566056
:108BA00047D0B4F85620236892B2F2B1DA691206BF
:108BB00004D4791C26D1DA691606FCD5B8F1000F69
:108BC0002ED018F8012B9A62D4F8882002F02102E6
:108BD000212AD0D1B4F85620013A92B2A4F85620F6
:108BE000B4F8562092B2002AE0D1DA69560604D4CD
:108BF0007A1C24D1DA695006FCD52023C4F88830C9
:108C00000020B9E7FBF764FF401B874223D317B36B
:108C100023681A68DA691006F4D5B8F1000FD0D1CC
:108C200039F8022BC2F308029A62CDE70220BDE8B0
:108C3000F8832369002BB4D1C1469846B1E7FBF70E
:108C400047FF431B9F4206D32FB123681A68DB6995
:108C50005906F4D5D1E72023C4F888300320BDE8B5
:108C6000F88300BF70B504460368826800696169D3
:108C70001D6802430A43E0698E49024329400A43C2
:108C80001A605A68E168656A22F440520A438A49C8
:108C90005A608B429968A26921F06E4121F43061DB
:108CA00000F0B080266A32430A439A60DA6A22F002
:108CB0000F022A43DA62814A934235D0804A9342B6
:108CC0000DD0804A934255D07F4A934240D0012034
:108CD00000234FF00112C4E91D33A26670BD7B4B27
:108CE000D3F8883003F00C030C2BF0D801A252F813
:108CF00023F000BFF98D0008CF8C0008CF8C00084E
:108D0000CF8C0008678D0008CF8C0008CF8C00083E
:108D1000CF8C0008BB8D0008CF8C0008CF8C0008DA
:108D2000CF8C0008898D0008684BD3F8883003F099
:108D30000303022B41D0032B26D0012B13D0B0F517
:108D4000004F00F0AB80FEF71DFDA0B3656A20E088
:108D50005E4BD3F8883003F0C003802B2DD000F297
:108D60008D80002B48D0B0F5004F00F09D80FEF7BD
:108D7000B5FBEAE7554BD3F8883003F03003202BDE
:108D80001BD0EED9302BA2D1B0F5004F19D04FF443
:108D9000004063684E4A32F81510B0FBF1F04FF610
:108DA000EF7200EB5300B0FBF3F0A0F1100393421D
:108DB0008DD82368D86000208AE7B0F5004F454879
:108DC000E7D16268424B33F81510B0FBF1F053085D
:108DD00003EB40034FF6EF71B3FBF2F3A3F1100284
:108DE0008A423FF674AF23F00F02216892B2C3F3B8
:108DF00042031343CB60DEE7B0F5004F48D0FEF7E7
:108E0000AFFCA2E711439960DA6A304922F00F0201
:108E10002A43DA62D1F8883003F44063B3F5006F77
:108E200045D02ED8002B3CD0FEF758FB0028C2D0EE
:108E3000656A6668264B06EB460133F81520B0FBE1
:108E4000F2F399423FF643AFB3EB063F3FF63FAF35
:108E500000231946F7F734FA4FF4807503460021D2
:108E600070083246E3FB05010023F7F729FA1A4B95
:108E7000A0F540729A423FF62AAF9AE7C02B83D002
:108E800025E7B3F5406F7FF422AF4FF40040D0E701
:108E9000FEF766FC00288ED0656A92E7FEF772FC4A
:108EA000F8E7FEF75DFCC1E7FEF718FBF2E70948BB
:108EB000BFE700BFF369FFCF0080004000380140EA
:108EC0000044004000480040004C004000100240B8
:108ED000E0BF00080024F400FFFC0F00836A1A07BB
:108EE00010B406D50168846B4A6822F4004222431C
:108EF0004A60DC0706D50168C46A4A6822F4003279
:108F000022434A60990706D50168046B4A6822F437
:108F1000803222434A605A0706D50168446B4A688A
:108F200022F4802222434A60DC0606D50168C46B25
:108F30008A6822F4805222438A60990606D5016825
:108F4000046C8A6822F4005222438A605A0609D5CA
:108F50000168446C4A6822F480122243B4F5801FF1
:108F60004A600BD01B0606D50268C16C536823F417
:108F700000230B4353605DF8044B70474A68846CD0
:108F800022F4C00222434A60ECE700BF2DE9F04121
:108F9000154602681F46D36931EA030382B00CBF4D
:108FA00001230023AB42DDF820800DD1B8F1FF3F53
:108FB0000C4618BF06461FD1D36934EA03030CBF21
:108FC00001230023AB42F7D00023184602B0BDE8CE
:108FD000F081802C08D0402C06D0DA6912F008020B
:108FE00026D1D969090514D4DB6934EA03030CBF1F
:108FF00001230023AB42E7D1FBF76AFDC01B4045CC
:1090000014D8B8F1000F11D033681A685007EBD5A7
:10901000DFE74FF40061196230460192FFF76AFD05
:10902000019A86F884202023C6F890300323CCE7E9
:1090300008241C623046FFF75DFD00220123C6F8BC
:10904000904086F88420C0E770B50446002682B0C0
:10905000C0F89060FBF73CFD23681A6812070546CC
:1090600010D41B685B0727D400232022C4F8882073
:109070001846C4F88C20E3662367002384F8843004
:1090800002B070BD6FF07E430093324603464FF44A
:1090900000112046FFF77AFF23680028E1D053E84B
:1090A000002F22F0800243E800210029F7D120237D
:1090B000C4F888300320E0E76FF07E43009300227D
:1090C0002B464FF480012046FFF760FF0028CBD0ED
:1090D000236853E8002F22F4907243E8002100290E
:1090E000F7D103F1080252E8002F22F0010203F148
:1090F000080040E800210029F3D12023C4F88C3077
:10910000D8E700BF80B3D0F8883010B5044633B339
:109110002268A16A2423C4F88830136823F001036D
:109120001360C1B92046FFF79DFD012811D02368C7
:109130005A6822F490425A609A6822F02A029A6091
:109140001A6842F0010220461A60BDE81040FFF79D
:109150007BBF012010BD2046FFF7C0FEE2E780F88C
:109160008430FBF765FBD3E70120704703689968FB
:109170009B6830B44FEA537C0A4D0B4C15F80C2019
:10918000C1F34261D2006B5C14F80C50615CB2FB1D
:10919000F5F2DB0030BCB3FBF1F3A0F86A20A0F8D5
:1091A0006830704700C00008F8BF000890F88430AD
:1091B000012B17D00268242310B4C0F8883011683E
:1091C0001468002324F0010421F000511460436668
:1091D000116080F884302022C0F888205DF8044BAC
:1091E000184670470220704790F88430012B1FD03A
:1091F00070B524230568C0F888302E682B6823F0EA
:1092000001032B60AB6823F060431943436EA960F0
:1092100004464BB1FFF7AAFF00202E60202384F8FC
:109220008400C4F8883070BD4FF001138366F3E703
:109230000220704790F88430012B1FD070B5242392
:109240000568C0F888302E682B6823F001032B6076
:10925000AB6823F060631943436EA96004464BB1C9
:10926000FFF784FF00202E60202384F88400C4F8D8
:10927000883070BD4FF001138366F3E7022070471A
:10928000B0F84010034644F27F020A400020A3F8E1
:1092900040207047034682B04FF0010C0020A3F835
:1092A00040C00DF1080CA3F840000CE90600A3F83B
:1092B0004400A3F8500002B0704700BF002310B56F
:1092C0000446C0E90033C0E904338360818143660A
:1092D000C2818361194608225C3000F0F9F90D4B18
:1092E00063620D4BA3620D4BE3620D4B23630D4B89
:1092F00024629C4206D003F16802944202D0D0332B
:109300009C4205D104F15800BDE8104000F058BA65
:1093100010BD00BF25950008479500087F950008FF
:10932000A5950008246F0020024A0349034800F075
:109330006BB800BF500000207DA000086000002036
:1093400041680C4B994210B5044601D000F096FEDE
:10935000A168094B994202D0204600F08FFEE168D7
:10936000064B994204D02046BDE8104000F086BE6E
:1093700010BD00BF246F00208C6F0020F46F002010
:109380000C4B0D4A0D4810B504211A600022FFF75E
:1093900095FF0A4B01221C46092103F16800FFF7E3
:1093A0008DFF04F1D0000222BDE810401221FFF72A
:1093B00085BF00BF5C70002029930008246F002047
:1093C000014800F0FEB900BF65700020014800F0C0
:1093D000F9B900BF6570002010B50446FFF7F0FF33
:1093E000236A1BB1BDE81040FFF7F0BF044B2362B6
:1093F000044B1B68002BF5D1FFF7C2FFF2E700BF5B
:10940000419300085C7000202DE9F8430746884628
:1094100014460026D4E90195B9F1010905D524685F
:10942000002CF7D13046BDE8F883AB89012B07D972
:10943000B5F90E30013303D029463846C0470643FC
:109440006835E9E70FB407B5064904AB086853F877
:10945000042B8168019300F0E7FA03B05DF804EB98
:1094600004B070475C000020036A70B5846805464C
:109470000E460BB9FFF7B0FF636EDB0705D4A38977
:10948000980502D4A06D00F09CF9A389190702D5B4
:109490002369002B35D12146284600F0C5F880B35A
:1094A0004FF0FF35636EDA0705D4A3899B0502D41C
:1094B000A06D00F087F9284670BD002B04DAA26980
:1094C000934217DB0A2915D023685A1C22601970B1
:1094D000A36816F8011F013BA3600029EDD1002B02
:1094E00011DA22460A21284600F060F80130D7D070
:1094F0000A25D7E72246284600F058F80130E7D180
:10950000CEE7013EE4E723685A1C22600A221A7063
:10951000EEE70000024B01461868FFF7A5BF00BF49
:109520005C00002010B50C46B1F90E1000F0FAF8FE
:109530000028ABBF636DA3891B1823F48053ACBF15
:109540006365A38110BD2DE9F0411F468B89DB05C2
:1095500005460C46164605D5B1F90E100223002229
:1095600000F0CEF8A389B4F90E1023F48053A38140
:1095700032463B462846BDE8F04100F0E5B810B55C
:109580000C46B1F90E1000F0BBF8B4F90C30421CD7
:109590000BBF23F4805343F48053A381A38118BFEE
:1095A000606510BDB1F90E1000F09AB8F8B50E461E
:1095B0001446054618B1036A0BB9FFF70DFFA369FE
:1095C000A360A3891A0701D5236943B92146284618
:1095D00000F02AF818B14FF0FF373846F8BD23687D
:1095E0002269981A6369F6B28342374605DC214640
:1095F000284600F043FD0028EDD1A368013BA3609D
:1096000023685A1C22601E706269431C9A4204D06F
:10961000A389DB07E1D50A2EDFD12146284600F0D9
:109620002DFD0028D9D0D6E738B5284B0546186857
:109630000C4618B1036A0BB9FFF7CEFEB4F90C3033
:109640001A0721D4D80607D409222A6043F0400320
:10965000A3814FF0FF3030E0590712D5616B41B163
:1096600004F14403994202D0284600F0BBF80023DD
:1096700063630022B4F90C3062602269226023F037
:10968000240343F00803A38122693AB99A0501D55E
:10969000180603D52146284600F03CFDB4F90C30ED
:1096A00013F001020AD00022A26062695242A26154
:1096B000226942B913F08000C8D138BD990758BF5C
:1096C0006269A260F4E70020F7E700BF5C000020B9
:1096D00002440346934200D1704703F8011BF9E7A7
:1096E00038B5064D0023044608462B60FBF74AF9BF
:1096F000431C02D12B6803B1236038BD6070002089
:1097000038B5074D04460846114600222A601A461D
:10971000FBF744F9431C02D12B6803B1236038BD29
:109720006070002038B5074D0446084611460022F7
:109730002A601A46FBF70AF9431C02D12B6803B1D1
:10974000236038BD6070002038B5074D04460846D8
:10975000114600222A601A46FBF706F9431C02D183
:109760002B6803B1236038BD60700020014B18687E
:10977000704700BF5C00002070B50D4B0D4D5B1BAA
:109780009C100026A64209D101F012FC0A4D0B4B99
:109790005B1B9C100026A64205D170BD55F8043B0A
:1097A00098470136EEE755F8043B98470136F2E753
:1097B00014C4000814C4000814C4000818C4000825
:1097C0007047704770470A44914200F1FF3300D15F
:1097D000704710B511F8014B03F8014F9142F9D1D0
:1097E00010BD000038B50546002941D051F8043CB1
:1097F0000C1F002BB8BFE41800F0E0F81D4A1368F6
:1098000033B9636014602846BDE8384000F0DCB826
:10981000A34208D9206821188B4201BF19685B68F0
:1098200009182160EDE71A465B680BB1A342FAD92B
:1098300011685018A0420BD120680144501883428F
:109840001160E0D118685B68536008441060DAE783
:1098500002D90C232B60D6E7206821188B4204BF65
:1098600019685B68636004BF091821605460CAE727
:1098700038BD00BF6C70002070B50F4E0C463168CB
:10988000054611B900F0A2FC30602146284600F0E0
:109890009DFC431C03D14FF0FF34204670BDC41C17
:1098A00024F00304A042F8D0211A284600F08EFCD0
:1098B0000130F2D1EFE700BF687000202DE9F843D6
:1098C000CD1C25F0030508350C2D38BF0C25002DC7
:1098D000064601DBA94204D90C2333600020BDE811
:1098E000F883DFF8D48000F069F8D8F800301C461F
:1098F00044BB29463046FFF7BFFF431C044658D1FE
:10990000D8F800402746002F43D1002C4BD02368C5
:109910003946304604EB030900F058FC814542D13A
:1099200021686D1A29463046FFF7A6FF01303AD06C
:1099300023682B442360D8F800305A6862BBC8F80B
:1099400000700FE02268521B20D40B2A17D961192E
:10995000A342256018BF5960636808BFC8F80010AB
:1099600062514B60304600F02FF804F10B00231DCC
:1099700020F00700C21A1CBF1B1AA350AFE7626891
:10998000A3420CBFC8F800205A60EBE72346646886
:10999000AEE73C467F68B6E71A465B68A342FBD158
:1099A00000235360DEE70C233360304600F00CF8F0
:1099B00094E70560D6E700BF6C7000200148FFF710
:1099C00000BF00BF647000200148FFF7FBBE00BF6E
:1099D000647000209368013B002B10B4936008DA98
:1099E0009469A34201DB0A2903D15DF8044BFFF718
:1099F000DDBD1368581C1060197008465DF8044BF3
:109A00007047F8B506460F461446D518AC4201D14A
:109A1000002007E014F8011B3A463046FFF7DAFF52
:109A2000431CF3D1F8BD00002DE9F0470D469CB072
:109A300014461F46064618B1036A0BB9FFF7CCFC63
:109A40006B6ED90705D4AB899A0502D4A86DFFF7D0
:109A5000B8FEAB891B0701D52B699BB92946304657
:109A6000FFF7E2FD70B16B6EDC0704D54FF0FF30FD
:109A70001CB0BDE8F087AB899805F7D4A86DFFF757
:109A8000A1FEF3E70023099320238DF829300397E3
:109A900030236A4F8DF82A304FF00108234699464B
:109AA00013F8012B0AB1252AF9D1B9EB040A0BD01E
:109AB0005346224629463046FFF7A3FF013000F007
:109AC000A480099A5244099299F80030002B00F0C2
:109AD0009C8000234FF0FF32CDE9052309F10109F5
:109AE000049307938DF853301A934C46534814F857
:109AF000011B0522F6F794FB049BD0B9D90644BF9D
:109B000020228DF853201A0744BF2B228DF85320B2
:109B100099F800202A2A13D0079A4C4600204FF0CB
:109B20000A0C214611F8013B303B092B49D968B991
:109B300013E0C01B08FA00F018430490A146D4E7D4
:109B4000039A111D12680391002A01DB079204E0B9
:109B5000524243F002030792049323782E2B0AD13A
:109B600063782A2B32D1039B1A1D1B68039243EAA8
:109B7000E37302340593DFF8D4902178032248463A
:109B8000F6F74EFB38B1049BA0EB0900402282405F
:109B900013430134049314F8011B29488DF828104D
:109BA0000622F6F73DFB00283ED0264818BB039B53
:109BB000073323F0070308330393099B03440993F6
:109BC0006CE70CFB02320C460120AAE700230134AB
:109BD000059319464FF00A0C204610F8012B303A35
:109BE000092A03D9002BC6D00591C4E70CFB01213B
:109BF00004460123F0E703AB00932A46124B04A965
:109C00003046AFF30080431CD7D16B6ED90705D423
:109C1000AB899A0502D4A86DFFF7D4FDAB895B062A
:109C20003FF524AF099823E703AB00932A46064B80
:109C300004A9304600F07AF8E5E700BF08C0000844
:109C400012C0000800000000039A00080EC00008BF
:109C50002DE9F047164698468A680B69DDF8209092
:109C60009342B8BF1346336091F8432007460C4631
:109C70000AB1013333602368990642BF3368023367
:109C80003360256815F0060506D104F1190AE3686A
:109C900032689B1AAB4226DC94F843302268003BC2
:109CA00018BF012392062BD404F1430241463846E3
:109CB000C84701301ED02368226903F00603042B35
:109CC00002BFE5683368ED1AA3680CBF25EAE575A5
:109CD00000259342C4BF9B1AED1800261A34B542E2
:109CE0001AD1002008E00123524641463846C847B1
:109CF000013003D14FF0FF30BDE8F0870135C6E7F2
:109D0000E1185A1C302081F84300224494F8451091
:109D100082F843100233C7E7012322464146384602
:109D2000C8470130E6D00136D9E700002DE9F043FD
:109D30000D7E85B0782D90460C9E07460C469946C0
:109D400001F1430207D8622D0AD8002D00F0D78018
:109D5000582D00F0BC8004F1420684F842503BE0EC
:109D6000A5F16303152BF6D801A151F823F000BF2C
:109D7000C99D0008DD9D0008579D0008579D0008FB
:109D8000579D0008579D0008DD9D0008579D00085D
:109D9000579D0008579D0008579D0008E59E000844
:109DA000079E0008979E0008579D0008579D0008D1
:109DB000079F0008579D0008079E0008579D000850
:109DC000579D00089F9E000833681A1D1B6832606B
:109DD00004F1420684F842300123A1E03368206890
:109DE000191D3160060601D51D6803E04506FBD547
:109DF000B3F90050002D03DA2D236D4284F843306F
:109E00005B480A2311E021683368080653F8045BB5
:109E100002D4490648BFADB23360237E54486F2B4D
:109E20005CD10823002184F843106668A660002EE8
:109E300005DB21682E4321F00401216050D0164635
:109E4000B5FBF3F103FB115C10F80CC006F801CD73
:109E5000AC4663450D46F3D9082B0BD12368DB07CD
:109E600008D5236961689942DEBF302306F8013CBA
:109E700006F1FF36921B2261CDF80090434603AAFB
:109E800021463846FFF7E4FE01304ED14FF0FF3057
:109E900005B0BDE8F083236843F020032360354814
:109EA000782584F845502368316813F0800F51F805
:109EB000045B03D113F0400F18BFADB23160D90776
:109EC00044BF43F0200323601DB11023AAE72848B4
:109ED000E7E7236823F020032360F6E70A23A1E7DE
:109EE0001646B9E7336825686169181D30602E068B
:109EF0001B6801D5196002E06806FBD519800023B4
:109F000023611646B8E733681A1D32601E6862681E
:109F100000213046F6F784F908B1801B6060636861
:109F20002361002384F84330A6E723693246414683
:109F30003846C8470130A9D023689B0713D4E0688E
:109F4000039B9842B8BF1846A2E701233246414618
:109F50003846C847013099D00135E36803995B1A48
:109F6000AB42F2DCEBE7002504F11906F5E700BF90
:109F700019C000082AC00008B1F90C202DE9F041F1
:109F8000160705460C4651D44B68002B02DC0B6CBF
:109F9000002B49DDE66A002E46D0002312F48052E1
:109FA0002F682B6031D0626DA389590705D563688E
:109FB000D21A636B0BB1236CD21A0023E66A216AB2
:109FC0002846B047421CB4F90C3006D129681D2937
:109FD00046D8294ACA40D60742D500226260D90431
:109FE0002269226004D5421C01D12B6803B9606547
:109FF000616B2F60C1B104F14403994202D028463D
:10A00000FFF7F0FB002363630EE0216A012328467B
:10A01000B0470246501CC7D12B68002BC4D01D2B63
:10A0200001D0162B1AD12F6000201EE00F69002FDF
:10A03000FAD093070E6808BF4B690F6018BF002362
:10A04000A6EB07088B60B8F1000FEDDD216AA66A68
:10A0500043463A462846B047002808DCB4F90C309D
:10A0600043F04003A3814FF0FF30BDE8F081074487
:10A07000A8EB0008E7E700BF0100402038B50B69F6
:10A0800005460C4613B90025284638BD18B1036AA9
:10A090000BB9FFF7A1F9B4F90C30002BF3D0626EC5
:10A0A000D00704D4990502D4A06DFFF78AFB284697
:10A0B0002146FFF761FF636EDA070546E4D4A38902
:10A0C0009B05E1D4A06DFFF77DFBDDE770B50C4685
:10A0D000B1F90E10002996B015461E460ADAA1897C
:10A0E00011F0800113D14FF48062002031602A60AA
:10A0F00016B070BD6A4600F047F80028EFDB019902
:10A1000001F47041A1F5005359425941EBE7002198
:10A110004022EAE78B8973B59E0705460C4607D5B2
:10A1200004F14703236023610123636102B070BD22
:10A1300001AB6A46FFF7CAFF009E28463146FFF78B
:10A14000BDFBB4F90C3038B99A05EFD423F0030302
:10A1500043F00203A381E3E743F08003A381019B63
:10A160002060C4E90406002BE0D0B4F90E102846A4
:10A1700000F01CF80028D9D0A38923F0030343F092
:10A180000103A381D2E7000038B5074D0023044640
:10A19000084611462B60FAF7F9FB431C02D12B68E5
:10A1A00003B1236038BD00BF6070002038B5064D94
:10A1B0000023044608462B60FAF7EEFB431C02D14D
:10A1C0002B6803B1236038BD6070002038B5064DA0
:10A1D0000023044608462B60FAF7E2FB431C02D139
:10A1E0002B6803B1236038BD6070002008B52DEDE9
:10A1F000028BB0EE408A00F0D1F8B4EE488AF1EE5E
:10A2000010FA06D6DFED098AB4EEE88AF1EE10FA0C
:10A2100002D4BDEC028B08BDFFF7A8FA88EEA80AAD
:10A22000BDEC028B2123036008BD00BF00000000CD
:10A2300010EE103A184923F000428A4219D9B2F1BF
:10A24000FF4F02D330EE400A704700B583B0684636
:10A2500000F072F900F0030001289DED000ADDED29
:10A26000010A0FD0022808D088B900F09BF803B08B
:10A2700000BDDFED0A0A00F095B800F093F8B1EEEA
:10A28000400AF4E700F010F9B1EE400AEFE70120D0
:10A2900000F00AF9EBE700BFD80F493F00000000CB
:10A2A00010EE103A194923F000428A421AD9B2F14D
:10A2B000FF4F02D330EE400A704700B583B06846C6
:10A2C00000F03AF900F0030001289DED000ADDEDF1
:10A2D000010A12D002280AD090B9012000F0E4F857
:10A2E00003B000BDDFED0A0A002000F0DDB8012058
:10A2F00000F0DAF8B1EE400AF2E700F053F8EFE7C9
:10A3000000F050F8B1EE400AEAE700BFD80F493F2D
:10A310000000000008B52DED028BF0EE408AB0EE93
:10A32000608A00F01FF820B9B0EE480ABDEC028B3D
:10A3300008BDB0EE480A00F015F858B1F4EEC88A2E
:10A34000F1EE10FAC8BFB0EE688AB0EE480ABDEC74
:10A35000028B08BDB0EE688AB0EE480ABDEC028BF5
:10A3600008BD00BF10EE103A33F000400ED0A0F54B
:10A370000003B3F1FE4F0DD3074B421E9A4207D99B
:10A38000A0F1FF40B0FA80F040097047022070470A
:10A390000320704704207047FEFF7F00B1EEC00A23
:10A3A000704700BF10EE103A23F00043B3F1485F4E
:10A3B0002CD2FDEEC07A17EE903A002B60D060EE02
:10A3C000007A9FED317A9FED315ADFED315A9FEDE2
:10A3D000316ADFED316AA7EE875A9FED307AE7EEFA
:10A3E000855AA7EEA56AA7EE867AE7EE876A67EE3A
:10A3F000A66A60EEC00AB6EE007AE7EEA60AB7EEED
:10A40000000AD7EE870A30EE600A704760EE007AE5
:10A410009FED1D7A9FED1D5ADFED1D5A9FED1D6AC0
:10A42000DFED1D6A1E4AA7EE875A93429FED1B7A05
:10A43000E5EE275AA5EEA76AA6EE277AE7EE276A89
:10A4400066EEA76AD5D9174A934214D803F17F4321
:10A4500007EE103AB7EE006A36EE476A60EEC00AC1
:10A46000F6EE005A97EEA57AE7EEA60A37EE607A86
:10A4700036EE470A7047B6EE076AB5EE027AEDE7A8
:10A48000B7EE000A704700BF4ED747ADF6740F31E4
:10A490007CF293B4010DD037ABAA2A3D610BB6BA5A
:10A4A0009999993E0000483F10EE103A23F000437E
:10A4B000B3F1485F04D2FDEEC07A17EE903A5BB379
:10A4C00060EE007A9FED157ADFED155A9FED156A63
:10A4D000DFED156AE7EE875A9FED147AA5EEA76ABD
:10A4E00020EE275AE6EE276AA6EEA77A30B9DFED0E
:10A4F000106AE7EE876AA6EE850A704727EE457A6E
:10A50000F6EE006AA0EEA67ADFED0A6AD7EE270A19
:10A51000E5EE260A30EE600A704700BFD3C92E2F41
:10A52000342FD7B21BEF3836010D50B98988083C5B
:10A53000ABAA2ABEABAA2A3E70B510EE103A8B4ADF
:10A5400023F00044944286B0054671D9884A94426B
:10A550001E4624D823F00042002BDFED867A864980
:10A5600022F00F02B0EE407A40F3E6808A4270EEAD
:10A57000677A09BF9FED817ADFED816ADFED816A3D
:10A5800077EEC77A37EEE67A77EEC77A80ED007A13
:10A5900077EEE67AC0ED017A012006B070BD7A4A06
:10A5A000944253D9B4F1FF4F49D2E215863AA4EB55
:10A5B000C25307EE903ABDEEE77ADFED746AB8EE6B
:10A5C000C77A77EEC77A8DED037A67EEA67ABDEE8D
:10A5D000E77AB8EEC77A77EEC77A8DED047A67EE40
:10A5E000A67AF5EE407AF1EE10FACDED057A40F05C
:10A5F0008E80B5EE407AF1EE10FA40F08A800123A9
:10A60000634901910221009103A8294600F0D2F884
:10A61000002EC2DA95ED007AD5ED017AB1EE477AD7
:10A62000F1EE677A85ED007AC5ED017A4042B4E734
:10A63000002285ED000A4260002006B070BD70EE79
:10A64000407AC0ED017AC0ED007AF5E700F0AAF893
:10A650009FED507A9FED476AF6EE007AE0EE077ABA
:10A660009FED477AFDEEE77AF8EEE76A17EE900A7B
:10A67000A6EEC60A1F2866EE877AB1EE666A30EE4D
:10A68000677A1EDC444A411E26F0004352F821201E
:10A6900023F0FF03934214D085ED007A30EE470A91
:10A6A000002E30EE670A85ED010ABFF676AFB1EEF7
:10A6B000477AB1EE400A85ED007A85ED010A404205
:10A6C0006BE717EE103AC3F3C753C3EBD453082B11
:10A6D0004FEAE452E0DD9FED297A9FED2A5AF0EE31
:10A6E000405AE6EE075A70EE657AE6EE077AD6EE45
:10A6F000857A35EEE77A17EE103AC3F3C753D21ACC
:10A70000192A08DCB0EE650A85ED007AC6E7032356
:10A7100076E7022374E79FED217A9FED215AB0EE90
:10A72000650AA6EE070A75EEC07AE6EE077AD6EE5F
:10A73000857A30EE677AAFE78A4270EE277A09BFF2
:10A740009FED0E7ADFED0E6ADFED0E6A77EE877A07
:10A7500037EEA67A77EEC77A80ED007A77EEA67AA2
:10A76000C0ED017A4FF0FF3017E700BFD80F493F27
:10A77000E3CB1640800FC93FD00FC93F00443537A7
:10A780004344353708A3852E800F4943000080439A
:10A79000BCC0000884F9223F3CC0000800A3852EFD
:10A7A00032318D2410EE103A23F0004300EE103ABF
:10A7B000704700BF2DE9F04F2DED048BDBB01C4638
:10A7C000944603930A46BA4B68991CF1040F53F858
:10A7D0002170824604F1FF39C0F25682BCF10303B6
:10A7E00048BF0CF10403DB10029301334FEAC30EA0
:10A7F000ACEB0E030593029B17EB0900A3EB0903D7
:10A8000016D401309FEDAB7A699C18441EA9002B29
:10A81000A4BF54F8235007EE905A03F10103ACBFD4
:10A82000F8EEE77AF0EE477A8342E1EC017AEED176
:10A83000002FC0F2E28203991EA800EB81004FEACC
:10A8400081087E18002346AD4C460AEB8101B9F120
:10A85000000F80F2C8800134B44245F8043B00F197
:10A860000400F4D10DF1280B0BEB8703CDE9062E84
:10A87000043B9FED929ADFED908A059804930AEBD2
:10A88000080446AE0BEB87080097CDF820C00DEB0F
:10A890008703002F93ED460A4FEA870515DD7319EC
:10A8A0005A4660EE097AB0EE407AFDEEE77A73ED33
:10A8B000016AF8EEE77AB342A7EEE87A37EEA60A25
:10A8C000BDEEC77AA2EC017AEBD1019000F0B8FAA4
:10A8D000F4EE007AB0EE408A20EE270A00F01EFB6C
:10A8E000F2EE007AA0EE678A01980028FDEEC89A81
:10A8F000F8EEE97A38EE678A40F38280791EC0F17B
:10A9000008035BF821E04EFA03FC0CFA03F3AEEB0C
:10A91000030EC0F1070219EE903A4EFA02F26344B8
:10A92000002A09EE903A4BF821E000F3AF80B5EE33
:10A93000408AF1EE10FA74D1009B9F420ADD5D441B
:10A94000002355F8041D454543EA0103F9D1002BC6
:10A9500040F00281009B013B5BF823207B1C9C465E
:10A96000002A40F0F780049A012152F8045D013179
:10A97000002DFAD03944029D039A05EB030E0EF127
:10A98000804E699D0EF1FF3E3A4405EB8E0E1EADE2
:10A9900006EB830705EB8205DEED017AF8EEE77A38
:10A9A000B9F1000F0EF1040EE5EC017ADFED417A0A
:10A9B00009DB2A465346F3EC016A32ED017AA342E1
:10A9C000E6EE877AF7D10CF1010C8C45E7EC017AC1
:10A9D000E2DD0F465BE70134B442E5EC017A00F1B9
:10A9E00004003FF43FAFDFED337A83465346F3EC88
:10A9F000016A3BED017A8B42E6EE877AF7D1EAE70E
:10AA000000F09180F6EE007AB4EEE78AF1EE10FAEB
:10AA100080F22981B5EE408AF1EE10FA4FF0000283
:10AA20008AD09246DDE9062EDDF820C00197AEEB14
:10AA30000C00B0EE480A009F009200F001FADFED32
:10AA40001E6AB4EEE60AF1EE10FADDE90023F0EE3C
:10AA5000407AC0F29C819FED197A059920EE077A21
:10AA60000831BDEEC77A0591B8EEC77A5C1CE7EEF7
:10AA7000667ABDEEC77AFDEEE77A17EE901A4BF8CC
:10AA8000231017EE103A4BF824307EE00133002FEC
:10AA900009EE903A40F39D8159464FF0000E51F86F
:10AAA000043B002B39D0C3F5807341F8043C0CE023
:10AAB00000C4000800000000000080430000803B4C
:10AAC0000B68C3F1FF0341F8043B0EF1010E77451B
:10AAD000F6DC01239E4600280BDD012800F0BB8038
:10AAE000022806D1791E5BF8213003F03F0C4BF8A9
:10AAF00021C0022A7FF41BAFB7EE000A734630EE86
:10AB0000488A002B3FF413AF0992019000F098F9A6
:10AB10000198099A38EE408A09E70EF1010E77454F
:10AB2000BDDC9E46D7E77B1E5BF82320D211002AAE
:10AB30007FF7FDAE19EE903A002F03F1010309EE05
:10AB4000903AA9DC022A7FF4F2AEF7EE007A37EEF3
:10AB5000C88AECE619460EE73B469246DDE9051247
:10AB60005C1EA1F108005BF82410009F059061B9FC
:10AB700003F18043013B0BEB8303014653F8040DC3
:10AB8000013C08390028F9D0059105980092B7EEEC
:10AB9000000A00F055F9002C009AB0EE407AC0F29D
:10ABA0002281601C46AD5FED3B6A81000BEB8003A8
:10ABB00005EB800073ED017AF8EEE77A5B4567EE0E
:10ABC000877A27EE267A60ED017AF3D10DF1C80875
:10ABD0000E1F2E44C646A4460025002F7DDBDFF85D
:10ABE0005C92DFED957A3046002307E0F9EC016ACC
:10ABF000B0EC017A9F42E6EE877A03DB9D4203F1D7
:10AC00000103F3DA0CF1FF3CBCF1FF3FEEEC017AFB
:10AC100005F10105A6F10406E1D1689B022B6ADC6F
:10AC2000002B36DC0ED1DFED847A414431ED017A20
:10AC3000884577EE877AF9D15346002B40F0C680DD
:10AC4000C2ED007A19EE903A03F007005BB0BDEC5C
:10AC5000048BBDE8F08F791E5BF8213003F07F0C88
:10AC60004BF821C045E719EE903A002F03F101039C
:10AC700009EE903AC8BF02223FF70EAFF7EE007A16
:10AC800037EEC88A022252E600234FF0080E0293E4
:10AC9000AEE5DDED327A9FED687A414471ED016AEF
:10ACA000884537EE267AF9D15346002B40F0848050
:10ACB00077EEC77A82ED007A64B133A90123B1EC53
:10ACC000017A01339C4277EE877AF8DA53460BB16A
:10ACD000F1EE677AC2ED017AB4E70CF1FF3C002394
:10ACE000BCF1FF3F4EF8043B05F10105A6F1040657
:10ACF0007FF473AF91E7689B032BA3D1002C00F086
:10AD00008C8008EB840595ED007AA0002B4629463F
:10AD100071ED017AF0EE476A37EE277A884577EED3
:10AD2000C77A81ED007A77EEA67AC1ED017AEFD18C
:10AD3000012C72D095ED007A08F1040173ED017ACF
:10AD4000F0EE476A37EE277A994277EEC77A83EDBD
:10AD5000007A77EEA67AC3ED017AEFD1031DDFED1D
:10AD6000367A434408F1080833ED017A984577EEC6
:10AD7000877AF9D15346DDED326A9DED337A73B9A6
:10AD8000C2ED006A82ED017AC2ED027A5AE7FDEE69
:10AD9000C07A1C4617EE901A4BF82310F5E6F1EE38
:10ADA000666AB1EE477AF1EE677AC2ED006A82ED2B
:10ADB000017AC2ED027A45E7F1EE476A77EEC77A8B
:10ADC000C2ED006A002C7FF478AF81E7F1EE677A7C
:10ADD00036E7012815D002287FF4B4AE0EF03F0309
:10ADE0004BF82130AEE6689B022B12DC002B17DCFF
:10ADF0007FF428AFDFED107A1EE7039B4FEA83084C
:10AE000030E50EF07F03022A4BF821307FF48FAD3E
:10AE10009BE6689B032B7FF415AFDFED077AA9E76C
:10AE20005346DDED327A1BB14FF0004313604FE71C
:10AE3000002313604EE700BF00000000D4C30008E9
:10AE400010EE103A33F000411A4625D0B1F1FF4F11
:10AE50001FD213F0FF4F20D1DFED297A294A60EE8F
:10AE6000277A904217EE903A31DB4CF2503CC3F314
:10AE7000C75160451A46A1F1190114DD002BDFED21
:10AE8000227A9FED210AB8BFDFED207A27EE800AF3
:10AE9000704730EE000A704770474CF2503C6045F6
:10AEA0004FEAD151EADC0144FE29E7DC002915DC38
:10AEB00011F1160F19DB193122F0FF4242EAC1529B
:10AEC00007EE902A9FED120A27EE800A7047DFED09
:10AED000117A07EE103A27EE270A704722F0FF4258
:10AEE00042EAC15300EE103A7047002BDFED097AB9
:10AEF0009FED080AB8BFDFED087A27EE800A704799
:10AF00000000004CB03CFFFFCAF24971CAF249F19F
:10AF1000000000336042A20D6042A28D10EE102AA4
:10AF2000C2F3C7537F3B162B22F000411BDC002BE2
:10AF300010461EDB1A4919410A4223D0DFED197A67
:10AF400070EE277AF5EEC07AF1EE10FA1ADD002ADB
:10AF500004DA4FF4000242FA03F3184420EA010332
:10AF600000EE103A7047B1F1FF4F0BD330EE000AFC
:10AF70007047DFED0C7A70EE277AF5EEC07AF1EECD
:10AF800010FA00DC7047002A02DB9FED070A7047C9
:10AF900011B99FED060A7047BFEE000AF2E700BF45
:10AFA000FFFF7F00CAF2497100000000000000802E
:10AFB000F8B500BFF8BC08BC9E467047F8B500BFA6
:08AFC000F8BC08BC9E46704776
:10AFC80020285741524E494E473A206375727265A0
:10AFD8006E7420636F6E76657273696F6E20676139
:10AFE800696E206D69736D617463682900000000E3
:10AFF80044525638333533532043534120726567E2
:10B0080069737465722072656164206661696C6534
:10B01800640D0000445256383335335320435341AE
:10B028005F434F4E54524F4C3D3078253033582CA7
:10B03800206761696E3D257520562F5625730D0AC8
:10B04800000000004552524F523A206661696C6513
:10B058006420746F2061726D2054494D312D7472D3
:10B068006967676572656420696E6A65637465649B
:10B078002063757272656E7420636F6E7665727385
:10B08800696F6E730D000000535953434C4B3A20BF
:10B09800256C7520487A0D0A0000000048434C4B87
:10B0A8003A202020256C7520487A0D0A00000000FF
:10B0B80050434C4B313A2020256C7520487A0D0AB4
:10B0C8000000000050434C4B323A2020256C75207C
:10B0D800487A0D0A0000000054494D313A202020DA
:10B0E800256C7520487A0D0A0000000050574D2045
:10B0F8006265666F72652073656C6563746564204C
:10B10800746573743A20256C7520487A2028746910
:10B118006D6572206973207377697463686564204C
:10B128006279207468652074657374290D0A0000BB
:10B13800464F4320616C69676E6D656E742061626D
:10B148006F727465643A2070686173652063757204
:10B1580072656E7420256C64206D41206578636586
:10B1680065647320256C64206D410D0A00000000A1
:10B17800464F4320616C69676E6D656E742061622D
:10B188006F727465643A204452563833353353200D
:10B198006E4641554C542061737365727465640D35
:10B1A800000000004F4B00004241440020494E5629
:10B1B800414C4944000000002B3100002D310000B3
:10B1C8005541525420746573742070756C73650D05
:10B1D8000A00000043414E2065787465726E616C08
:10B1E8002D636F6E74726F6C207265766973696F08
:10B1F8006E20257520726561647920617420312084
:10B208004D6269742F733B206E6F64653D25750D23
:10B218000A00000043414E204944733A20452D73EB
:10B22800746F703D3078253033582C206865617212
:10B2380074626561743D3078253033582C207374FE
:10B248006174653D3078253033582C20706F7369F0
:10B2580074696F6E20636F6D6D616E642F737461B6
:10B268007475732F666565646261636B3D3078251C
:10B278003033582F3078253033582F3078253033F5
:10B28800580D0A004C69766520706F736974696F90
:10B298006E206C696D6974733A20746172676574A5
:10B2A8003D2B2F2D256C64206D6465672C207370F1
:10B2B8006565643D25752E2E25752078302E312044
:10B2C8006F75747075742072706D3B2043414E2009
:10B2D8007761746368646F673D256C75206D730DC5
:10B2E8000A00000044656D6F2070726F74656374A6
:10B2F800696F6E3A2049713D256C64206D412C20A0
:10B3080070686173653D256C64206D412C20642F45
:10B31800713D256C64206D412C206F7665727370C9
:10B328006565643D256C64206D6F746F7220727062
:10B338006D0D0A00415335303438412053504920AF
:10B348007472616E73616374696F6E206661696C93
:10B3580065643A2073746174653D25752065727261
:10B368006F723D3078256C580D0A00004153353016
:10B3780034384120414E474C45207261773D307842
:10B388002530345820636F756E743D257520616EC5
:10B39800676C653D256C752E2530336C75206465AA
:10B3A80067207061726974793D25732045463D2593
:10B3B800753B20444941473D3078253034580D0AC3
:10B3C800000000006265666F72652043414E2046AA
:10B3D8004F432063616C6962726174696F6E00002B
:10B3E8004452563833353353207265676973746530
:10B3F800722064756D7020282573290D0A000000DD
:10B40800202042495442414E47205041343D6E531A
:10B418004353205041353D53434C4B205041363D1A
:10B428005344492F5458205041373D53444F2F52CD
:10B43800583B20454E41424C453D2575206E5343AF
:10B44800533D2575206E4641554C543D2575205376
:10B45800444F2F5041375F69646C653D25750D0A6F
:10B46800000000002020524547203078253032580F
:10B478003A2054583D307825303458205241575F8F
:10B4880052583D30782530345820444154413D309D
:10B4980078253033580D0A004452562066756C6C76
:10B4A80020636F6E66696775726174696F6E206478
:10B4B800697361626C65643B20707265736572764E
:10B4C800696E67207665726966696564207265735E
:10B4D80065742073657474696E67730D00000000ED
:10B4E8004552524F523A2053544D3332204144432F
:10B4F8002073656C662D63616C6962726174696F33
:10B508006E206661696C65643B2050574D20696EFA
:10B51800686962697465640D000000004552524F05
:10B52800523A20636F756C64206E6F742072656187
:10B538006420445256204353412063616C6962720F
:10B548006174696F6E207265676973746572730DD3
:10B55800000000004552524F523A204452562043B0
:10B56800414C5F4D4F44452077726974652F726571
:10B5780061646261636B206661696C65640D0000DB
:10B588004552524F523A20445256204353415F434A
:10B59800414C5F412F422F432077726974652F72A7
:10B5A8006561646261636B206661696C65640D0046
:10B5B800445256206D616E75616C2043534120637F
:10B5C800616C6962726174696F6E20616374697617
:10B5D800653A205245473620307825303358202D9B
:10B5E8003E203078253033582C20524547373D309F
:10B5F80078253033580D0A0043757272656E742DC4
:10B6080073656E7365207A65726F2063616C696219
:10B61800726174696F6E3A2050574D206F66662CC0
:10B628002025752073616D706C65732070657220BC
:10B638006368616E6E656C0D0A0000002020534F30
:10B648002563206F66667365743D25752041444304
:10B658002028256C75206D56292C206D696E3D2596
:10B6680075206D61783D257520702D703D257520FC
:10B67800636F756E747325730D0A00004552524F3F
:10B68800523A206661696C656420746F20636C654A
:10B69800617220445256204353412063616C6962B1
:10B6A800726174696F6E20626974733B2050574DE4
:10B6B80020696E686962697465640D004552524F6D
:10B6C800523A206661696C656420746F20726573F4
:10B6D800746F7265204452562043414C5F4D4F446D
:10B6E800453B2050574D20696E68696269746564EE
:10B6F8000D000000445256204353412063616C6999
:10B7080062726174696F6E2064697361626C6564EA
:10B718003B206E6F726D616C2063757272656E741A
:10B728002073656E73696E6720726573746F7265D6
:10B73800640D00004552524F523A206F6E65206FDB
:10B7480072206D6F726520435341206F7574707558
:10B75800747320617265206E656172206120737553
:10B7680070706C79207261696C3B2050574D20696C
:10B778006E686962697465640D00000043757272D1
:10B78800656E7420636F6E76657273696F6E3A20AA
:10B7980031206D4F686D207368756E742C20766546
:10B7A80072696669656420257520562F5620676181
:10B7B800696E2C206368616E6E656C2D73706563AD
:10B7C80069666963206F6666736574730D0A0000A5
:10B7D80053656C656374656420746573743A20728C
:10B7E80065766973696F6E2D25752043414E204635
:10B7F8004F4320706F736974696F6E2064656D6F55
:10B808000D0A0000446576696365203120616C6922
:10B81800676E732066697273742C207468656E2075
:10B8280077616974732044495341424C454420660A
:10B838006F722044657669636520323B206B6565CD
:10B848007020746865206F757470757420736861F2
:10B85800667420756E6C6F6164656420616E642027
:10B86800636C6561720D0000464F432063656E741A
:10B8780065722D616C69676E65642050574D20664E
:10B8880072657175656E63793D256C7520487A0D12
:10B898000A000000464F4320414443207472696700
:10B8A8006765723D256C75207469636B73206265EA
:10B8B800666F72652050574D207065616B2C20763D
:10B8C800616C69642D64757479206365696C696E4F
:10B8D800673D256C752F31303030300D0A0000007F
:10B8E800464F4320656E636F64657220616C6967BB
:10B8F8006E6D656E743A206669656C6420302065EB
:10B908006C656374726963616C20646567726565F0
:10B91800730D0000464F4320737461727475702074
:10B928006661696C656420617420696E6974696117
:10B938006C20656E636F64657220616C69676E6DFB
:10B94800656E740D00000000464F4320656E636FFE
:10B9580064657220646972656374696F6E207465CA
:10B9680073743A206669656C64202B393020656CE5
:10B97800656374726963616C206465677265657379
:10B988000D000000464F4320737461727475702077
:10B998006661696C656420647572696E6720656E9E
:10B9A800636F64657220646972656374696F6E2081
:10B9B800746573740D000000464F43207374617200
:10B9C800747570206661696C65643A20656E636F92
:10B9D800646572206D6F766564206F6E6C792025C2
:10B9E8006C6420636F756E74733B20657870656353
:10B9F80074656420617070726F78696D6174656CCC
:10BA08007920256C750D0A00464F432073746172C6
:10BA1800747570206661696C65643A206469726542
:10BA28006374696F6E2074657374206D6F766564D6
:10BA380020256C6420636F756E74732C206F707092
:10BA48006F736974652076657269666965642065D7
:10BA58006E636F64657220646972656374696F6E82
:10BA68002025730D0A000000464F4320656E636F62
:10BA780064657220646972656374696F6E3D2573CD
:10BA880020287665726966696564292C202B39300F
:10BA980020656C656374726963616C206D6F76658F
:10BAA8006420256C6420636F756E74730D0A000042
:10BAB800464F432072657475726E696E67206669B9
:10BAC800656C6420746F20656C656374726963616A
:10BAD8006C207A65726F0D00464F43207374617253
:10BAE800747570206661696C6564207768696C6537
:10BAF8002065737461626C697368696E6720666932
:10BB08006E616C20656C656374726963616C207A20
:10BB180065726F0D00000000464F43207374617218
:10BB2800747570206661696C65643A206E6F207662
:10BB3800616C696420412F4320616C69676E6D6593
:10BB48006E742D63757272656E742073616D706C9E
:10BB580065730D00464F43207374617274757020CD
:10BB68006661696C65643A2070686173652D42206E
:10BB780050574D206269617320256C64206D412007
:10BB88006973206F757473696465202B2F2D3530A8
:10BB98003030206D410D0A00464F4320616C6967C3
:10BBA8006E6D656E742070686173652D41206176D5
:10BBB8006572616765206F6E6C7920256C64206DF5
:10BBC800413B207573696E672076657269666965A1
:10BBD800642063757272656E7420706F6C6172692F
:10BBE80074792025730D0A00464F432063757272DD
:10BBF800656E7420706F6C61726974793D25733B52
:10BC080020617665726167656420616C69676E653D
:10BC1800642063757272656E747320413D256C648F
:10BC280020425F7265636F6E7374727563746564C6
:10BC38003D256C6420425F73656E7365643D256CB9
:10BC48006420433D256C64206D412028256C7520B7
:10BC580073616D706C6573290D0A0000464F4320AF
:10BC680070686173652D422050574D206269617379
:10BC780020636F7272656374696F6E3D256C642012
:10BC88006D413B2064796E616D69632074776F2D17
:10BC98007368756E74207265636F6E737472756302
:10BCA80074696F6E20656E61626C65640D0A0000D0
:10BCB800464F432043414E20706F736974696F6E1D
:10BCC8002064656D6F2072656164792061667465B2
:10BCD8007220616C69676E6D656E743B2050574DBC
:10BCE8002072656D61696E73204F464620756E74CB
:10BCF800696C2041524D4544207468656E2041436B
:10BD08005449564520636F6D6D616E64732061728E
:10BD1800652061636365707465640D00464F432058
:10BD280043414E20706F736974696F6E206C696D42
:10BD38006974733A2049713D256C64206D412C204B
:10BD480070686173652F64712074726970733D2522
:10BD58006C642F256C64206D412C206D6F746F729C
:10BD6800206F76657273706565643D256C6420721A
:10BD7800706D0D0A00000000464F432043414E20DD
:10BD88007075726520706F736974696F6E205049A1
:10BD9800443A20503D256C642F3130303020412FFB
:10BDA8006465672C20493D256C642F313030302084
:10BDB800412F286465672A73292C20443D256C642B
:10BDC8002F3130303020412F72706D3B20636F6D02
:10BDD8006D616E64207761746368646F673D256C7C
:10BDE80075206D730D0A0000464F432043414E20D5
:10BDF8007472616A6563746F72793A20636F6D6DEE
:10BE0800616E6420737570706C696573206F7574EA
:10BE18007075742D7370656564206365696C696EEF
:10BE2800673B20616363656C2F646563656C3D25C2
:10BE38006C642F256C64206F757470757420727033
:10BE48006D2F733B206E6F20646973747572626125
:10BE58006E636520626F6F7374206F72206E6573F6
:10BE68007465642076656C6F6369747920636F6E9E
:10BE780074726F6C6C65720D0A000000464F4320A7
:10BE8800656E636F6465722074696D696E673A20C8
:10BE9800256C7520487A2072656164732C20256CA6
:10BEA80075207573206566666563746976652073A9
:10BEB800656E736F72206167652C205350493D256C
:10BEC8006C7520487A0D0A00464F4320616C6967FB
:10BED8006E6D656E7420636F6D706C6574653B2064
:10BEE8006163747561746F722069732044495341AA
:10BEF800424C454420616E642077616974696E67BD
:10BF080020666F722044657669636520320D0000F3
:10BF180043414E20464F4320706F736974696F6EBA
:10BF28002064656D6F6E7374726174696F6E2066DC
:10BF3800696E69736865643B2050574D20616E6473
:10BF48002067617465206472697665722072656D18
:10BF580061696E20696E686962697465640D0000C4
:10BF680005000A0014000000414243004000201967
:10BF78008000501D000180210D0A2A2A2A204553DD
:10BF880043205541525420544553543A2055534167
:10BF9800525431205458206F6E205043342C20398D
:10BFA80036303020382D4E2D31202A2A2A0D0A000D
:10BFB800000000000102030400000000000000006F
:10BFC8000102030406070809000102030405060725
:10BFD800080C10141820304001000200040006006C
:10BFE80008000A000C00100020004000800000013A
:10BFF800080402040801010101010103070100000E
:10C00800232D302B2000686C4C0065666745464739
:10C0180000303132333435363738394142434445BC
:10C02800460030313233343536373839616263642B
:10C0380065660000000FC93F000F494000CB9640DD
:10C04800000FC9400053FB4000CB164100ED2F41C3
:10C05800000F49410031624100537B41003A8A4157
:10C0680000CB9641005CA34100EDAF41007EBC418E
:10C07800000FC94100A0D5410031E24100C2EE41A4
:10C088000053FB4100F20342003A0A420083104287
:10C0980000CB164200141D42005C234200A5294231
:10C0A80000ED2F4200363642007E3C4200C7424235
:10C0B800000F4942A2000000F900000083000000C0
:10C0C8006E0000004E000000440000001500000053
:10C0D80029000000FC0000002700000057000000B5
:10C0E800D1000000F500000034000000DD00000071
:10C0F800C0000000DB0000006200000095000000A6
:10C10800990000003C00000043000000900000007F
:10C1180041000000FE000000510000006300000024
:10C12800AB000000DE000000BB000000C5000000FE
:10C1380061000000B7000000240000006E0000004D
:10C148003A000000420000004D000000D20000004C
:10C15800E000000006000000490000002E0000007A
:10C16800EA00000009000000D10000009200000071
:10C178001C000000FE0000001D000000EB00000095
:10C188001C000000B100000029000000A70000000A
:10C198003E000000E80000008200000035000000BA
:10C1A800F50000002E000000BB0000004400000065
:10C1B80084000000E90000009C00000070000000FE
:10C1C80026000000B40000005F0000007E000000B0
:10C1D800410000003900000091000000D600000076
:10C1E80039000000830000005300000039000000FF
:10C1F800F40000009C000000840000005F000000C4
:10C208008B000000BD000000F900000028000000BD
:10C218003B0000001F000000F8000000970000002D
:10C22800FF000000DE00000005000000980000008C
:10C238000F000000EF0000002F00000011000000B8
:10C248008B0000005A0000000A0000006D0000008A
:10C258001F0000006D000000360000007E00000096
:10C26800CF00000027000000CB00000009000000FC
:10C27800B70000004F000000460000003F0000002B
:10C28800660000009E0000005F000000EA00000059
:10C298002D0000007500000027000000BA00000013
:10C2A800C7000000EB000000E5000000F1000000FE
:10C2B8007B0000003D00000007000000390000007E
:10C2C800F70000008A000000520000009200000001
:10C2D800EA0000006B000000FB0000005F000000A7
:10C2E800B10000001F0000008D0000005D0000008C
:10C2F80008000000560000000300000030000000A5
:10C3080046000000FC0000007B0000006B000000FD
:10C31800AB000000F0000000CF000000BC000000EF
:10C32800200000009A000000F40000003600000021
:10C338001D000000A9000000E300000091000000BB
:10C34800610000005E000000E60000001B00000025
:10C35800080000006500000099000000850000004A
:10C368005F00000014000000A0000000680000004A
:10C37800400000008D000000FF000000D800000011
:10C38800800000004D00000073000000270000003E
:10C398003100000006000000060000001500000043
:10C3A80056000000CA00000073000000A80000004A
:10C3B800C900000060000000E20000007B000000EF
:10C3C800C00000008C0000006B0000000000C93FA6
:10C3D8000000F0390000DA370000A2330000842E94
:10C3E8000000502B0000C2270000D0220000C41F0C
:10C3F8000000C61B000044170400000007000000EE
:04C408000900000027
:08C40C00143EFF7F0100000057
:04C414000502000815
:04C41800E101000836
:10C41C0001000000466419320000C8410000484287
:10C42C0001010B0000080008000800004F0A253D20
:10C43C00140000000024F4000100000010000000B3
:10C44C0000000000000000000000000000000000E0
:10C45C0001000000000000000000000000000000CF
:10C46C000000000003000000246F0020600000208A
:10C47C0000000000246F00208C6F0020F46F00205F
:10C48C0000000000000000000000000000000000A0
:10C49C000000000000000000000000000000000090
:10C4AC000000000000000000000000000000000080
:0CC4BC0000000000000000000000000074
:04000005080049F9AD
:00000001FF
